id,domain,status,purchase_price,renewal_price,attractiveness,demand,length,registrar,created_at,expires_at,status_verified_at
8b3eae41-e80a-4725-9615-6e0b37b22b11,ferocious.town,available,6.98,47.48,medium,low,9,namecheap,,,18/08/2026 02:05
009ae8bc-9639-4eb7-bc41-84d38efc5048,unsavory.town,available,6.98,47.48,medium,low,8,namecheap,,,14/08/2026 13:05
4a471945-3f9f-42c5-a20c-708cc7303333,calvinist.town,available,6.98,47.48,medium,low,9,namecheap,,,11/08/2026 15:24
4e491b44-951f-49a0-94f2-b7ab531ca6c1,dre.town,available,8.5,,high,low,3,unstoppable,,,29/09/2026 21:06
52693a12-b2e9-4453-aeb5-052744ae0c9a,qualifier.town,available,5.57,30.15,high,low,9,dynadot,,,30/09/2026 04:52
b0c0cfcc-07c4-49ad-852b-3409447ab69c,schematic.town,available,6.98,47.48,high,low,9,namecheap,,,09/09/2026 23:02
f50d7622-fcf8-48eb-af33-77cc111292a5,beingness.town,available,6.98,47.48,medium,low,9,namecheap,,,23/09/2026 04:19
4e8630b3-6a51-449a-a5ed-8af8309ca9ca,bygone.town,available,6.98,47.48,medium,low,6,namecheap,,,11/08/2026 12:06
4b576d70-7c99-484f-81c7-801c4dd20482,achievable.town,available,8.99,36.49,high,low,10,namesilo,,,21/09/2026 15:42
67c15510-2969-4022-9a79-398c0c557577,barbecues.town,available,8.99,36.49,medium,low,9,namesilo,,,21/09/2026 08:34
7d217fd5-2aec-43d1-8083-6aea74ee411e,ouse.town,available,6.41,29.18,high,low,4,spaceship,,,01/10/2026 03:10
ad2b6802-6735-42e5-ae0b-047de6941cfc,disuse.town,available,8.99,36.49,medium,low,6,namesilo,,,24/09/2026 23:14
17924289-ca12-4fa8-8e65-85e946a91f1f,diver.town,available,6.41,29.18,high,low,5,spaceship,,,29/09/2026 00:40
3c37d81c-1126-4e1b-9a26-03a3ec8f70b0,twisty.town,available,6.98,47.48,high,low,6,namecheap,,,11/09/2026 21:54
868ba0fd-5c78-4e3c-8b0d-1c1a3a342f28,raccoon.town,available,6.41,29.18,high,low,7,spaceship,,,30/09/2026 09:06
1f336039-4c36-45ef-8e01-956430f17d3b,heroine.town,available,6.41,29.18,high,low,7,spaceship,,,29/09/2026 07:16
37fe8f5e-c18a-49db-af7d-d979f5dd8803,wilkinson.town,available,8.99,36.49,high,low,9,namesilo,,,25/09/2026 10:42
62635af5-5331-419e-a286-a01473574b3a,avenues.town,available,6.41,29.18,medium,low,7,spaceship,,,01/10/2026 17:25
21a41f24-938f-4b73-9ab1-e8c32cdcaa3f,thoroughbred.town,available,8.99,36.49,high,low,12,namesilo,,,01/10/2026 05:36
d2a6e243-ca80-43b4-b0fd-5b52fcba42a9,coequal.town,available,6.98,47.48,medium,low,7,namecheap,,,12/08/2026 15:22
d181fb51-1b36-453a-ad1e-e88148ddcee9,napoli.town,premium,102.67,102.67,medium,low,6,spaceship,,,29/09/2026 07:39
5ac2978c-9dce-427f-a1e2-3baf0797aff1,underdone.town,available,6.98,47.48,medium,low,9,namecheap,,,12/09/2026 07:24
9de006ec-af21-4c7c-80ce-5fb05970089c,parades.town,available,5.66,29.35,medium,low,7,porkbun,,,02/10/2026 03:54
3a0e3f35-1975-44cc-ab59-9f058ea62249,witloof.town,available,6.98,47.48,medium,low,7,namecheap,,,23/09/2026 05:01
101e1cc0-be79-4983-9342-328570dd23e7,screamed.town,available,6.41,29.18,low,low,8,spaceship,,,30/09/2026 07:12
71e6082d-7ff0-41fb-93ee-22c5c93201ac,senior.town,premium,128.7,128.7,high,low,6,namecheap,,,21/09/2026 22:36
83100c6d-44f5-431f-97b5-fa835eccc0ba,protrusive.town,available,6.98,47.48,medium,low,10,namecheap,,,09/09/2026 04:20
cf96d61d-d902-428c-b6a4-90ff842242c9,distinguish.town,available,8.5,,medium,low,11,unstoppable,,,28/09/2026 21:05
8d02e00b-958f-4b1c-b19a-28451a904ee9,llp.town,premium,34.36,34.36,high,low,3,spaceship,,,02/10/2026 01:32
75a1b1c2-c75c-4b89-80d6-1e4ee28ec751,needfully.town,available,6.98,47.48,medium,low,9,namecheap,,,15/09/2026 16:20
5f1bc6e3-7821-4885-82d0-ffd375ae09c6,whitman.town,available,6.41,29.18,high,low,7,spaceship,,,29/09/2026 13:23
33a1d8a5-0227-4d32-90c5-74d0fe0cd15f,intriguing.town,available,8.99,36.49,high,low,10,namesilo,,,25/09/2026 10:52
a4ccf3e8-62f3-4c8d-8566-1081fe3e0e6c,angkor.town,available,6.41,29.18,high,low,6,spaceship,,,02/10/2026 20:28
b1262496-7277-494a-9353-9400d1d6156e,overtime.town,available,8.5,,high,low,8,unstoppable,,,28/09/2026 16:30
3be4c70a-0a00-4386-8d3c-3e3ba498a452,aspect.town,available,6.41,29.18,high,low,6,spaceship,,,28/09/2026 22:41
624eeb1f-9225-41fc-b274-e287f06660ed,anthracite.town,available,8.99,36.49,medium,low,10,namesilo,,,19/09/2026 13:48
e47d875f-81b4-4462-a7da-db890b454127,obscenely.town,available,6.98,47.48,medium,low,9,namecheap,,,15/09/2026 11:14
fd45219d-c61a-471a-b799-d71a879f9fef,bathroom.town,available,8.99,36.49,high,low,8,namesilo,,,27/09/2026 06:27
082f9b2b-5221-4b8c-a5a9-7f8e3226b372,winless.town,available,6.98,47.48,medium,low,7,namecheap,,,13/09/2026 12:35
eed056a2-b07c-46bb-8dad-301d17597c83,redly.town,available,6.98,47.48,medium,low,5,namecheap,,,15/09/2026 22:51
57cda5ac-db4c-41b1-868a-c0a14fbebb31,fosamax.town,available,8.99,36.49,high,low,7,namesilo,,,18/09/2026 05:11
1c7bbc9a-4b73-4c39-a78b-57568d5febd9,fisheye.town,available,6.98,47.48,high,low,7,namecheap,,,18/08/2026 05:28
2e020c28-50c2-4a77-bb58-205626c67191,ailing.town,available,6.98,47.48,high,low,6,namecheap,,,
b92176b4-d49e-4419-b865-8af502a49f10,data.town,resell,,,high,medium,4,Porkbun LLC,28/10/2020 10:21,28/10/2027 10:21,01/10/2026 20:57
ab166179-dfe4-46e3-a40b-9801c3c73c20,gaynor.town,available,28.2,28.2,medium,low,6,cloudflare,,,02/10/2026 00:11
8ddffcd4-0452-4416-b82a-f3e27b11a94d,pliny.town,available,6.98,47.48,medium,low,5,namecheap,,,28/09/2026 01:57
d2b35788-33c2-46f3-b9af-864aeadd3121,villiers.town,available,6.41,29.18,medium,low,8,spaceship,,,29/09/2026 09:13
bcd0e011-c730-4d41-95a5-0dd1d90d7697,paxton.town,premium,68.51,68.51,medium,low,6,spaceship,,,28/09/2026 14:39
0dcd36c4-89a0-4c03-bb52-3596831fe150,decatur.town,premium,118.8,118.8,high,low,7,namesilo,,,27/09/2026 03:44
4d1ce455-bfeb-4ef9-a46c-0b38439c5827,occidental.town,available,6.98,47.48,medium,low,10,namecheap,,,21/08/2026 07:25
7dc7add0-7fc3-4083-a299-bc92c19a6c9d,senile.town,available,6.98,47.48,medium,low,6,namecheap,,,14/08/2026 14:36
856f9ba6-7720-4055-9c62-7a17bd099b7d,arbalist.town,available,8.99,36.49,medium,low,8,namesilo,,,20/09/2026 00:35
7f5228cb-9d57-4266-8c32-fb891454f5d1,myeloid.town,available,6.98,47.48,medium,low,7,namecheap,,,03/09/2026 12:06
b8f0bb46-5010-4351-9698-f2851827c765,liquefied.town,available,6.98,47.48,medium,low,9,namecheap,,,23/08/2026 22:01
5f3b13b6-b8f1-4020-9290-f2439dd77c9c,billions.town,available,8.99,36.49,medium,low,8,namesilo,,,29/09/2026 06:04
cde91cde-1e0b-42af-a7b9-339023022822,godfrey.town,available,9.99,48.99,high,low,7,name.com,,,25/09/2026 18:26
82325b79-dace-46ea-90e4-48ea797db0c4,involving.town,available,8.5,,medium,low,9,unstoppable,,,02/10/2026 21:56
06cd9abd-d243-4478-8baa-1716d9fac471,palpitant.town,available,6.98,47.48,medium,low,9,namecheap,,,05/09/2026 00:17
9d4b6cfc-3798-4b99-89e2-64526df5e675,baudelaire.town,available,8.99,36.49,high,low,10,namesilo,,,22/09/2026 16:35
e1ecdb74-7a77-46fa-b38b-4b5fe038fd31,bombastic.town,available,6.98,47.48,high,low,9,namecheap,,,10/08/2026 18:01
1fc682b4-af1e-49be-b170-c17d37431c44,acrylamide.town,available,6.98,47.48,medium,low,10,namecheap,,,17/09/2026 04:00
757529aa-87f1-42b9-bb7b-7f5e769b2814,alonzo.town,available,28.2,28.2,medium,low,6,cloudflare,,,28/09/2026 17:51
51f5ae9f-8b43-4efc-a380-c3c1be5e2d61,illustrate.town,available,8.5,,high,low,10,unstoppable,,,29/09/2026 13:08
0dde9f43-1a24-43bc-a871-15d04c0bb5e7,reversed.town,available,8.99,36.49,high,low,8,namesilo,,,27/09/2026 14:11
115a10cb-a527-4feb-b438-d931cec210cd,aleppo.town,premium,260,260,high,low,6,namecheap,,,18/09/2026 05:13
1f2f06c6-24fa-4ac9-9d09-01fb23d19b80,mislabeled.town,available,6.98,47.48,medium,low,10,namecheap,,,25/08/2026 01:21
a42dafa2-6075-4a46-bc9e-8fa5743d4302,surprised.town,available,9.99,61.99,high,low,9,godaddy,,,28/09/2026 02:04
cdfc7d47-20f8-4bf7-b88f-1294f785fced,ozone.town,available,8.5,,high,low,5,unstoppable,,,29/09/2026 07:48
19e9936c-7e5c-4628-90d3-031866e45545,sichuan.town,available,6.41,29.18,medium,low,7,spaceship,,,28/09/2026 15:21
03c2c1ee-2fc8-45ff-a724-cd48de979d2d,pertinent.town,available,6.98,47.48,high,low,9,namecheap,,,06/08/2026 07:59
c83f159a-06b5-4d89-9948-10d686708d0e,krasnoyarsk.town,available,6.41,29.18,medium,low,11,spaceship,,,02/10/2026 20:01
39e6d1e2-6558-4577-a817-57b2e1a48c00,mental.town,available,6.98,47.48,high,low,6,namecheap,,,08/09/2026 12:21
b8ad4540-8142-44ee-a527-0ef1f9f6d4fd,exobiology.town,available,8.99,36.49,medium,low,10,namesilo,,,20/09/2026 17:35
cfd5cf77-fcea-4327-9a90-db8ce8fc4ba5,boarded.town,available,28.2,28.2,high,low,7,cloudflare,,,01/10/2026 23:19
2e6b0a6b-dbc9-4d5f-ad0a-e6b58e42e035,annum.town,available,8.99,36.49,high,low,5,namesilo,,,19/09/2026 11:04
658a54fe-67b7-4391-9470-cecd5bf97a02,eloise.town,available,8.5,,high,low,6,unstoppable,,,01/10/2026 08:50
f76669d3-995e-42d1-8754-4ccf08a01f23,provide.town,available,8.5,,high,low,7,unstoppable,,,30/09/2026 07:04
f73518af-f38a-41c1-a7d0-137c396c1f5a,otsego.town,available,8.99,36.49,medium,low,6,namesilo,,,02/10/2026 01:06
01b6fd1a-5ca9-47d4-ab68-a3ee62c53d06,minerals.town,available,8.99,36.49,high,low,8,namesilo,,,30/09/2026 06:24
8b2836fc-96fc-4c63-ab70-fe180c2e9008,teased.town,available,6.98,47.48,medium,low,6,namecheap,,,11/09/2026 09:55
ed36286d-1da2-47cc-8a2a-699a01bbe1e3,jokingly.town,available,6.98,47.48,medium,low,8,namecheap,,,14/09/2026 17:23
69306446-6e0e-4e24-af86-2fc527bee120,fierce.town,available,8.99,36.49,high,low,6,namesilo,,,23/09/2026 01:48
308e2f92-d506-41a2-a860-9e3cec5ceafd,unseen.town,available,6.98,47.48,high,low,6,namecheap,,,12/09/2026 16:05
b0bba20c-df19-4d88-b751-696b0ec4f43d,judgement.town,available,6.98,47.48,high,low,9,namecheap,,,30/09/2026 01:01
b466d1a9-1770-4ee8-8bfd-9928b8dce798,mon.town,premium,78.54,78.54,high,low,3,namesilo,,,30/09/2026 05:02
5169d5d5-ad3f-48a5-9172-1494a9879ff8,aris.town,available,5.57,30.15,high,low,4,dynadot,,,30/09/2026 03:35
42648dc5-9711-4459-b451-13e8b0344158,wrench.town,available,28.2,28.2,high,low,6,cloudflare,,,30/09/2026 11:34
78f70e71-1f62-48ea-b138-a3194317c2c0,mickle.town,available,6.98,47.48,medium,low,6,namecheap,,,25/08/2026 00:32
02bd15d5-7d42-49bb-8d59-46becbfedfcc,dismal.town,available,6.98,47.48,medium,low,6,namecheap,,,14/08/2026 11:38
69a5be81-030a-4d18-bd51-8d51531ff62d,neonatal.town,available,6.98,47.48,medium,low,8,namecheap,,,03/09/2026 15:27
f399fe13-6fb3-419f-ae2b-dc57210bbc61,documenting.town,available,5.57,30.15,medium,low,11,dynadot,,,02/10/2026 03:07
0bf1fa10-14bd-49e6-a12a-8dc09047793a,augustine.town,available,8.99,36.49,high,low,9,namesilo,,,21/09/2026 04:01
55d52d0f-c37f-4777-b904-0fdafd521990,valueable.town,available,6.41,29.18,medium,low,9,spaceship,,,02/10/2026 04:51
f7bf0124-99cc-4806-b306-310ff30ed915,mouthfeel.town,available,9.99,,medium,low,10,name.com,,,
d6e8b954-654a-440e-9b7d-da4bfdb5155e,menopause.town,available,8.99,36.49,high,low,9,namesilo,,,30/09/2026 16:40
8b6bff9b-da6b-43fc-bfb5-57cbf81ebef8,barterer.town,available,8.99,36.49,medium,low,8,namesilo,,,22/09/2026 08:58
5f13bbc2-379a-41ac-b161-a4bfc307b93a,tsh.town,available,6.41,29.18,high,low,3,spaceship,,,03/10/2026 02:15
dc2c7c1f-bb5c-4bd2-b63b-58a871a8b24d,country.town,premium,260,260,high,low,7,namecheap,,,28/09/2026 22:01
c247f336-9aa6-4a35-8494-d25004690e15,dday.town,available,8.99,36.49,high,low,5,namesilo,,,16/09/2026 12:39
a8017684-14a4-4e58-aca8-330a777f3501,keypress.town,available,9.99,,medium,low,9,name.com,,,
7629e76f-9f82-4bd0-a61a-21800a28afe3,jain.town,available,6.98,47.48,high,low,4,namecheap,,,22/08/2026 12:04
fc967c00-447b-40bf-9922-6c31b618a190,crimson.town,available,8.99,36.49,high,low,7,namesilo,,,22/09/2026 22:28
e0effca7-662f-4936-96ab-b4cf5117cc46,agential.town,available,6.98,47.48,medium,low,8,namecheap,,,
9b2cab7d-7fe4-45c2-b94a-e235f35c9eea,basically.town,available,8.99,36.49,medium,low,9,namesilo,,,28/09/2026 13:22
df7a8e66-0cc0-47df-8fed-692204b61ef1,diversely.town,available,6.98,47.48,high,low,9,namecheap,,,14/09/2026 13:25
b84ca421-3c9c-488a-8838-f5206da7680b,superiors.town,available,28.2,28.2,medium,low,9,cloudflare,,,29/09/2026 05:50
eed13d86-745d-42b8-9ce8-69f2f846dbc2,sioux.town,available,6.98,47.48,high,low,5,namecheap,,,10/09/2026 08:46
8b1ab5b6-6805-4da1-9fd1-a2b6bde0de45,grill.town,available,6.98,47.48,high,low,5,namecheap,,,28/09/2026 05:54
8764a6af-5634-4324-a9cd-b7953c5d266b,bedder.town,available,8.99,36.49,medium,low,6,namesilo,,,22/09/2026 23:13
6f02958c-253f-4223-a822-4dfe0754dedb,onerous.town,available,6.98,47.48,medium,low,7,namecheap,,,11/08/2026 10:31
9279cf38-aa59-45aa-bf3f-3c99a6529433,luscious.town,available,6.98,47.48,high,low,8,namecheap,,,14/08/2026 00:22
16b2ffeb-a727-47a6-9006-a6e8a698c080,zestful.town,available,6.98,47.48,high,low,7,namecheap,,,08/08/2026 19:51
47225e98-0665-43f6-bc81-606aa8e72417,luck.town,resell,,,high,low,4,"Sav.com, LLC",23/01/2026 17:00,23/01/2027 17:00,29/09/2026 09:20
07063da2-a522-48cd-a8cc-c3a3fc66e23b,tempers.town,available,8.99,36.49,medium,low,7,namesilo,,,20/09/2026 14:00
01f76dda-7587-4b64-b7cd-6f6b61846605,baleful.town,available,6.98,47.48,medium,low,7,namecheap,,,08/08/2026 09:39
fcbbe4a5-0669-4b21-9ec9-22fdeab4f539,stamping.town,available,8.99,36.49,high,low,8,namesilo,,,02/10/2026 07:11
0489e92b-b288-4ac9-8230-1b25d4451590,hydrous.town,available,6.98,47.48,medium,low,7,namecheap,,,21/08/2026 16:14
40ba95f4-0f49-430e-a738-c0dc61e78d47,goodly.town,available,6.98,47.48,high,low,6,namecheap,,,20/08/2026 16:36
1a7ff5e8-5c40-4f11-b949-c34bf6ce79e7,soviets.town,available,5.57,30.15,high,low,7,dynadot,,,29/09/2026 13:58
f885dca3-42c2-4ba1-805f-51b4752d2875,uplifting.town,available,6.41,29.18,high,low,9,spaceship,,,01/10/2026 22:02
ef483eb7-6c17-45d6-b44f-aaedfab9ce34,aspherical.town,available,6.98,47.48,medium,low,10,namecheap,,,07/08/2026 04:57
b8cba43f-a47f-4e06-b1c4-bdb142565177,limits.town,available,6.98,47.48,medium,low,6,namecheap,,,18/09/2026 15:06
de4b36c6-6e9a-4c86-88c8-dc725f367346,musky.town,available,6.98,47.48,high,low,5,namecheap,,,03/09/2026 11:33
9be34422-2689-47c8-9da6-94851f342354,bluegrass.town,available,28.2,28.2,high,low,9,cloudflare,,,02/10/2026 04:05
fa43326e-9118-4825-96da-5458b888e8c2,crested.town,available,6.98,47.48,high,low,7,namecheap,,,13/08/2026 06:20
72ae616c-daed-408e-abaa-37fb61a8a3a1,annotated.town,available,8.99,36.49,high,low,9,namesilo,,,02/10/2026 01:13
33161b3f-246d-4005-97d5-f832086c70c6,natal.town,available,6.98,47.48,medium,low,5,namecheap,,,03/09/2026 13:37
fb075028-adcf-48e5-bdbf-6edbbc549b2f,removes.town,available,8.99,36.49,medium,low,7,namesilo,,,30/09/2026 07:26
e627f4ed-b7ed-4409-9bed-bb7e506d0f2b,paean.town,available,6.98,47.48,high,low,5,namecheap,,,05/09/2026 00:45
fddb1bb1-6d1f-4c79-9711-ef7b19338c16,stria.town,available,8.99,36.49,medium,low,5,namesilo,,,22/09/2026 01:18
dd3809d4-5f6f-4323-baa4-f6019b9951ef,followers.town,available,6.98,47.48,high,low,9,namecheap,,,18/08/2026 10:24
5547cbe4-9a1a-4d94-b0b8-0766798afe50,retaliation.town,available,6.41,29.18,medium,low,11,spaceship,,,29/09/2026 23:02
48d02344-c6d1-4783-90a9-a4b758be35fc,dominate.town,available,6.98,47.48,high,low,8,namecheap,,,16/09/2026 01:33
d52c219e-9543-4a78-b960-45aa5cc00c8e,kathleen.town,available,6.98,47.48,high,low,8,namecheap,,,25/09/2026 14:34
f7b630aa-c0b1-4e11-ab1c-a9b08c2573ed,apiarian.town,available,6.98,47.48,medium,low,8,namecheap,,,05/08/2026 23:53
d4eae52d-4413-467d-a868-c4ac83427ea9,heating.town,available,6.98,47.48,high,low,7,namecheap,,,13/09/2026 08:24
af05ab11-ac34-4bbd-8698-182848eff8de,sapient.town,available,6.98,47.48,high,low,7,namecheap,,,08/09/2026 18:03
daa810d5-6ab1-4960-b10a-755876b6df0a,edgy.town,available,6.98,47.48,high,low,4,namecheap,,,15/08/2026 08:39
b7f7cb7f-6452-4e65-9c87-4be3cbc58f82,warmer.town,available,8.99,36.49,high,low,6,namesilo,,,28/09/2026 05:58
be30b946-a4d7-4dd9-a25a-28304857e73e,paige.town,available,8.99,36.49,high,low,5,namesilo,,,27/09/2026 04:38
cb84547f-0e33-4eb8-b71c-e3fbde8efff0,philemon.town,available,8.99,36.49,medium,low,8,namesilo,,,02/10/2026 15:00
4b410be4-f521-43b3-aaff-1db61b0ce851,claxon.town,available,8.99,36.49,medium,low,6,namesilo,,,23/09/2026 01:29
b8f71dd0-c45b-4c6e-a033-bb1765cbcef1,suddenly.town,available,9.99,48.99,medium,low,8,name.com,,,13/08/2026 19:19
944b3bd3-a58a-44f5-b1d3-6ee27b424bed,valet.town,available,6.41,29.18,high,low,5,spaceship,,,29/09/2026 19:00
762b9058-ea9f-4fb8-b037-35ab43067d6f,additive.town,available,6.98,47.48,high,low,8,namecheap,,,
c46fdd51-25c5-4e55-ad41-181af4ba7ea0,marriages.town,available,6.41,29.18,medium,low,9,spaceship,,,28/09/2026 18:09
9c9449fd-e573-4a31-b081-b9c6088d900c,buses.town,available,8.99,36.49,high,low,5,namesilo,,,18/09/2026 13:34
92fbfc2f-a295-4eec-8880-d7d60bf6e81b,collateral.town,available,6.98,47.48,high,low,10,namecheap,,,12/08/2026 16:42
6517a04b-2967-4109-94dc-88ab8fa245e2,tantric.town,available,6.98,47.48,high,low,7,namecheap,,,11/09/2026 08:05
49e1b3a3-5034-481e-942b-daddb0cf3932,handless.town,available,6.98,47.48,medium,low,8,namecheap,,,11/08/2026 10:12
0b355ab8-58f0-4fa1-9150-e207a016125c,faintly.town,available,6.98,47.48,medium,low,7,namecheap,,,14/09/2026 17:33
251ec402-87ca-4b42-97f3-837462ffb9c9,esl.town,available,8.5,,high,low,3,unstoppable,,,29/09/2026 23:53
11194ba4-4daa-4dd8-99a0-71a0c9e2d136,billhook.town,available,6.98,47.48,medium,low,8,namecheap,,,23/09/2026 16:21
efb077de-e80e-4965-93a4-5beb1e648152,hinault.town,available,8.99,36.49,medium,low,7,namesilo,,,23/09/2026 09:48
f16f000f-24a9-4085-ba00-f64e94e44fbd,revelatory.town,available,6.98,47.48,high,low,10,namecheap,,,06/08/2026 00:55
8104ddc1-3d57-4462-8b23-6a4b0d7cddff,kansai.town,available,6.41,29.18,medium,low,6,spaceship,,,03/10/2026 05:32
c014c853-6c4c-4cc7-beac-1730dabd60e0,klaus.town,available,8.99,36.49,medium,low,5,namesilo,,,27/09/2026 01:38
3e627e6c-6b99-42e3-a957-a7fcc67a3a38,sleeps.town,available,8.99,36.49,medium,low,6,namesilo,,,28/09/2026 13:22
a3eb43f1-f1af-4c4a-b0f7-6f0dcf6454e9,seasonable.town,available,6.98,47.48,medium,low,10,namecheap,,,10/09/2026 00:56
1b8ae713-9ac8-4abf-b467-b4754f4566e8,dawning.town,available,6.98,47.48,high,low,7,namecheap,,,11/09/2026 02:03
8c52d9d5-455b-4bfb-a3f1-8730fa6c1207,females.town,available,6.98,47.48,medium,low,7,namecheap,,,18/09/2026 19:27
ca2e4fb4-7a70-485a-879c-9f8e5ca803b0,demographics.town,available,8.99,36.49,high,low,12,namesilo,,,30/09/2026 06:26
a2e5b965-5970-406c-9f5f-09d7952e8e68,cafeteria.town,available,6.98,47.48,high,low,9,namecheap,,,24/09/2026 11:37
8a176d14-f8de-479b-a009-7aad873cd91d,wanting.town,available,5.57,30.15,high,low,7,dynadot,,,28/09/2026 10:19
64f4d600-785f-4b51-93b0-57c2ae8b0394,geared.town,available,6.98,47.48,high,low,6,namecheap,,,18/08/2026 20:59
41b90bf8-ef5e-43c6-b190-73f50f285716,plantal.town,available,6.98,47.48,medium,low,7,namecheap,,,08/09/2026 20:48
09052849-e53f-473e-8dc1-f5daf332b278,folly.town,available,8.99,36.49,high,low,5,namesilo,,,23/09/2026 11:19
5ee70896-4146-4b13-8898-c6374575ba27,karnataka.town,available,5.57,30.15,high,low,9,dynadot,,,29/09/2026 19:27
4bb9ee61-3458-4743-a527-6ce4cab4e199,theology.town,available,8.99,36.49,high,low,8,namesilo,,,29/09/2026 14:03
2845ad46-686c-477f-bb17-3dd77a227556,unpublished.town,available,6.41,29.18,medium,low,11,spaceship,,,02/10/2026 01:35
4188b75e-4d45-46e5-bbec-9111d67f41ba,taoism.town,available,6.98,47.48,medium,low,6,namecheap,,,30/09/2026 16:55
98ba299a-a05d-4b1f-bea7-b45e3156d337,cognizance.town,available,6.98,47.48,high,low,10,namecheap,,,21/09/2026 09:59
22b37358-44e3-4eda-a1c3-699b9fa60924,perforce.town,available,6.98,47.48,medium,low,8,namecheap,,,15/09/2026 19:36
ad7e6072-6798-4e37-81c8-9d925f7dfd34,pavement.town,available,28.2,28.2,high,low,8,cloudflare,,,29/09/2026 07:50
92ae0d2b-c2f5-4446-bc33-e8bc40472145,basque.town,available,6.98,47.48,high,low,6,namecheap,,,22/09/2026 11:41
9e4f1131-07d6-41dc-b9fb-967d3c1e781d,chary.town,available,6.98,47.48,medium,low,5,namecheap,,,12/08/2026 02:59
53e836ba-64c6-4e14-8bf0-919364fe8c1d,lantern.town,available,8.99,36.49,high,low,7,namesilo,,,28/09/2026 14:40
f19887ff-904f-440f-a9a8-0add13a50675,ruttish.town,available,6.98,47.48,medium,low,7,namecheap,,,21/08/2026 14:10
82fd5265-a7cd-4e97-918e-0fb67975cc36,piecemeal.town,available,6.98,47.48,high,low,9,namecheap,,,10/08/2026 07:07
557c1e2d-c3ee-4497-841e-3eabd413243c,eligibility.town,available,6.41,29.18,high,low,11,spaceship,,,30/09/2026 23:11
179d4995-412a-4b5a-b0d6-8b03a18d33e6,locked.town,available,8.99,36.49,high,low,6,namesilo,,,27/09/2026 02:54
d19221a7-2074-4565-a6e2-6aed24233ab1,landmarks.town,available,6.41,29.18,high,low,9,spaceship,,,02/10/2026 22:06
e888ab39-3190-4eeb-9101-d32024673a47,poorest.town,available,5.66,29.35,low,low,7,porkbun,,,02/10/2026 13:44
bb6ff0a0-987c-4405-bba9-a76a1ebfcfe5,spousal.town,available,6.98,47.48,high,low,7,namecheap,,,11/08/2026 03:56
740516af-a18e-42eb-99bc-c5fcbecb4984,recovered.town,available,6.98,47.48,high,low,9,namecheap,,,13/08/2026 11:06
b915d552-930c-4197-9fb4-fe05c2a807e6,vehicular.town,available,6.98,47.48,high,low,9,namecheap,,,13/09/2026 01:48
5daa6147-a4ea-4efa-a890-ba769a625776,osha.town,available,6.41,29.18,high,low,4,spaceship,,,29/09/2026 13:36
2c82d983-ced6-48fd-bd69-3a651476d497,participation.town,available,6.41,29.18,high,low,13,spaceship,,,28/09/2026 22:50
183bd416-6dfb-4d28-8af3-6bb3ee3234e2,scripts.town,available,6.41,29.18,medium,low,7,spaceship,,,29/09/2026 05:41
f634e778-6035-4050-b698-f03e29774e4a,unwed.town,available,6.98,47.48,medium,low,5,namecheap,,,12/09/2026 22:35
f2f6ef7a-46a7-4bbd-b4ff-74762718274c,cometary.town,available,6.98,47.48,medium,low,8,namecheap,,,12/08/2026 18:56
964e664e-e9e3-4810-ad32-5006a0a9c4f2,timur.town,available,5.57,30.15,medium,low,5,dynadot,,,30/09/2026 18:52
9c658afa-6edd-4270-af45-823812c98c7b,unpolished.town,available,6.98,47.48,medium,low,10,namecheap,,,18/08/2026 20:45
bf452ad0-bdc5-49ef-8427-5bfdf6ec2ddd,seconded.town,available,8.99,36.49,medium,low,8,namesilo,,,20/09/2026 15:37
1a38941b-7d8d-4473-be59-fb84e1050591,believed.town,available,8.99,36.49,medium,low,8,namesilo,,,17/09/2026 00:11
8fe88302-918d-4c52-a5e8-bdecec0893b4,aliveness.town,available,8.99,36.49,high,low,9,namesilo,,,18/09/2026 08:09
9153cd34-d845-45b3-bb14-bfd030428cd8,bleak.town,available,6.98,47.48,medium,low,5,namecheap,,,08/08/2026 21:02
aa5e08de-34b9-4f40-87b1-5f802ba7138c,kurosawa.town,available,9.99,48.99,medium,low,8,name.com,,,18/09/2026 00:08
9ca7d98d-0619-43a2-bb1b-f0af23ff126f,squadron.town,available,8.5,,high,low,8,unstoppable,,,29/09/2026 08:06
03d442c4-1ebd-4b11-beef-1db813ae023f,defending.town,available,6.98,47.48,high,low,9,namecheap,,,13/08/2026 23:13
64543187-42f2-456d-b37f-f40c7b4f7a20,optimal.town,available,6.98,47.48,high,low,7,namecheap,,,04/09/2026 17:01
07668baa-9e10-48ef-abf4-9aceea037dd9,resinated.town,available,6.98,47.48,medium,low,9,namecheap,,,09/09/2026 15:09
077fa97f-4611-4ed3-bb97-c521e8780972,ima.town,available,8.5,,high,low,3,unstoppable,,,30/09/2026 19:42
dbdc7f23-6845-4e80-8d3f-bed8c384f0c1,leiden.town,available,8.99,36.49,high,low,6,namesilo,,,25/09/2026 23:25
2d0aa9b9-97de-4220-9f37-ff80cfe500dc,antifungal.town,available,6.98,47.48,medium,low,10,namecheap,,,
80dc3e41-c8f8-4580-9916-c32ed1f0bf10,turds.town,available,8.99,36.49,low,low,5,namesilo,,,18/09/2026 11:32
49c224a0-3a7a-47d5-a0c2-29a30d96c4d9,desktop.town,available,6.41,29.18,high,low,7,spaceship,,,29/09/2026 14:08
e4f15e0c-8309-41e9-97b7-c02b998231b1,bordeaux.town,available,8.99,36.49,high,low,8,namesilo,,,24/09/2026 07:22
09f45ac0-1820-417a-8f48-ddb7b8b3ebba,gear.town,available,5.57,30.15,high,low,4,dynadot,,,28/09/2026 21:58
f2271b3b-b86d-41e5-a9df-bc5c9f0829c9,historic.town,premium,78.54,78.54,high,low,8,namesilo,,,21/08/2026 09:51
46aa4b36-f9cc-4f0a-a62f-28dac46b3610,reptile.town,available,6.98,47.48,high,low,7,namecheap,,,09/09/2026 14:41
a307b554-4a95-4d6b-94da-95a23af5e2da,pronounce.town,available,6.41,29.18,high,low,9,spaceship,,,30/09/2026 19:07
04614943-5169-4990-8942-c2830bdb067d,immanent.town,available,6.98,47.48,medium,low,8,namecheap,,,21/08/2026 20:50
88cc53ae-163b-4f85-b1e9-975e9f886282,uterus.town,available,28.2,28.2,high,low,6,cloudflare,,,29/09/2026 14:06
e7c3e3bc-8267-433f-b5d0-935bd2cd84ca,smells.town,available,6.41,29.18,low,low,6,spaceship,,,28/09/2026 08:33
8a9584e6-d518-40d6-94fd-ea7248ba52ee,history.town,premium,118.8,118.8,high,low,7,namesilo,,,28/09/2026 17:27
c0bf640b-71b4-437f-a336-b78030ef5b66,assigning.town,available,8.99,36.49,high,low,9,namesilo,,,20/09/2026 16:26
7089ab1c-f6d8-4e4e-8b40-69db0b093127,scheming.town,available,6.98,47.48,medium,low,8,namecheap,,,11/08/2026 14:03
7d362c4a-e7d6-41fe-a8e9-027ad076b22d,lucidly.town,available,6.98,47.48,medium,low,7,namecheap,,,15/09/2026 12:12
d90976f3-1aff-4208-b574-f5fe0ef62647,irani.town,available,6.98,47.48,high,low,5,namecheap,,,22/08/2026 09:42
2231c57e-5d5b-46ef-89e7-a9fb20827983,warty.town,available,6.98,47.48,medium,low,5,namecheap,,,13/09/2026 04:24
0d3a6eef-f469-4877-bceb-0a5347711cf9,hug.town,premium,102.67,102.67,high,low,3,spaceship,,,29/09/2026 23:17
8c45e981-4b0f-4812-8349-f2013b89e0e1,norristown.town,available,8.99,36.49,high,low,10,namesilo,,,02/10/2026 10:49
81716b88-e0ba-41d1-8ed2-fdda06ac7cb2,abnormality.town,available,6.41,29.18,medium,low,11,spaceship,,,02/10/2026 11:02
b1a09ece-c913-4ff0-b6e5-1277c63d8bb6,aneurysm.town,available,6.98,47.48,medium,low,8,namecheap,,,19/09/2026 05:41
b310fec2-331b-4f10-88b7-b8c9def7c696,patrol.town,available,6.98,47.48,high,low,6,namecheap,,,25/09/2026 23:57
6cf152aa-b075-4bfe-9555-d26105469702,ignacio.town,available,8.5,,medium,low,7,unstoppable,,,28/09/2026 08:56
d181a126-088d-45bf-a43b-53250586211f,straining.town,available,6.98,47.48,medium,low,9,namecheap,,,10/09/2026 21:43
82741f91-e2d0-4980-92cf-85718d3d5c53,elan.town,available,8.99,36.49,high,low,4,namesilo,,,20/09/2026 03:17
162f0788-81d5-4c9b-bc44-9ebfa07dbfc6,cater.town,available,6.41,29.18,high,low,5,spaceship,,,01/10/2026 03:18
0ad47a21-bb81-460e-844a-8310ce52ca7a,trumpery.town,available,6.98,47.48,medium,low,8,namecheap,,,18/08/2026 23:50
1c8c9e8b-01f6-4bb4-9237-c07829ef061f,doze.town,available,8.99,36.49,high,low,4,namesilo,,,24/09/2026 23:43
9f7b3d06-77d7-4e99-bb49-7a4ad89346b4,artful.town,available,6.98,47.48,high,low,6,namecheap,,,06/08/2026 22:44
9cc6e2bf-c0e5-4570-8197-d773b4cb5d73,transmitter.town,available,8.99,36.49,high,low,11,namesilo,,,28/09/2026 15:46
9c584702-9e50-445b-b1bd-1452577a9c31,marquette.town,premium,78.54,78.54,high,low,9,namesilo,,,25/09/2026 07:53
8898268c-8fc6-4830-9219-3ef9c0b9d1ea,blame.town,available,6.98,47.48,high,low,5,namecheap,,,10/08/2026 12:37
b79f0a2d-3943-447b-9760-cedffead8e63,leftover.town,available,6.98,47.48,high,low,8,namecheap,,,22/08/2026 22:41
993ef5a7-628b-4579-8896-724182be345a,aberrance.town,available,6.98,47.48,medium,low,9,namecheap,,,16/09/2026 15:12
c8821be1-a170-4861-a9b4-42b78d640f44,majestic.town,premium,78.54,78.54,high,low,8,namesilo,,,25/09/2026 16:12
e7beb3b9-6d49-4949-bef9-b5226c449d0e,worrying.town,available,6.98,47.48,medium,low,8,namecheap,,,14/08/2026 13:23
94113d7b-718e-4631-a2ec-9d7043725c36,oils.town,available,6.41,29.18,medium,low,4,spaceship,,,30/09/2026 00:28
c1fdaa54-349b-432f-8847-f16afdb7ccd5,boldly.town,available,6.98,47.48,high,low,6,namecheap,,,14/09/2026 00:53
1aa8ccd3-989b-4429-ad68-eeabbbb2760f,olin.town,available,6.98,47.48,medium,low,4,namecheap,,,29/09/2026 04:10
14a88e31-0262-4abb-af03-67033fc50dd9,bakshish.town,available,6.98,47.48,medium,low,8,namecheap,,,21/09/2026 15:53
01dba9e4-b17b-4283-b364-24a8942c12c3,widow.town,available,8.99,36.49,high,low,5,namesilo,,,27/09/2026 05:54
c8a1f149-c8dc-48dd-bad4-030f6010973e,sincerity.town,available,6.41,29.18,high,low,9,spaceship,,,29/09/2026 06:41
ffddac51-1020-4529-a9f1-37526216225c,mines.town,available,8.99,36.49,medium,low,5,namesilo,,,28/09/2026 13:08
57035e91-d752-4b90-97e7-57e817f7dd66,dwelling.town,available,8.99,36.49,high,low,8,namesilo,,,29/09/2026 17:19
999dc132-e713-4c2e-9a12-4b78c124b456,financing.town,available,8.5,,high,low,9,unstoppable,,,29/09/2026 12:21
6e385259-d7bb-4e54-b5b6-5d3d81dc7040,blabber.town,available,8.99,36.49,medium,low,7,namesilo,,,23/09/2026 11:33
eb8e821b-941d-4d1a-b750-6a7d0675f2af,imply.town,available,8.99,36.49,high,low,5,namesilo,,,29/09/2026 00:48
2c38faed-8735-4eba-bc7d-26dad59bc319,unbearable.town,available,6.98,47.48,medium,low,10,namecheap,,,25/09/2026 10:28
57ba4dcf-39ee-4dc1-b997-1bfa791755a6,midlife.town,available,9.99,,high,low,8,name.com,,,
b225bdcc-e842-46b6-bb4b-ae164661d5d5,borgia.town,available,8.99,36.49,medium,low,6,namesilo,,,18/09/2026 05:55
4d277002-4109-4b7d-9313-c763a4143578,vincent.town,available,8.99,36.49,high,low,7,namesilo,,,25/09/2026 11:54
81ccb33f-8786-4066-99c4-c36b2f4b4b20,bones.town,available,5.66,29.35,medium,low,5,porkbun,,,29/09/2026 03:19
7eca9cf2-fba9-4e6c-b6f0-fbe0000226a9,consonant.town,available,6.98,47.48,high,low,9,namecheap,,,12/08/2026 20:14
65e95371-5d60-4b96-a34b-44d28328b510,shaker.town,available,28.2,28.2,high,low,6,cloudflare,,,29/09/2026 13:29
24dc4b2b-5096-4f69-b553-89cd75f4c26f,preliminary.town,available,6.98,47.48,medium,low,11,namecheap,,,28/09/2026 11:21
fc00197b-ec20-4414-b9ba-7cc4d23f4426,upa.town,available,28.2,28.2,medium,low,3,cloudflare,,,01/10/2026 06:47
ed556238-0437-4726-ae42-13f7c7a270e7,discontinue.town,available,6.41,29.18,high,low,11,spaceship,,,01/10/2026 05:15
11550d23-fe33-4bc3-8437-7b3c1ee504c2,furled.town,available,6.98,47.48,medium,low,6,namecheap,,,18/08/2026 18:44
42189d11-7453-4262-9439-025d3718c653,bitty.town,available,6.98,47.48,high,low,5,namecheap,,,10/08/2026 07:51
5635f951-c733-40c1-8eaf-ee73cfa1ec33,alps.town,available,8.99,36.49,high,low,4,namesilo,,,18/09/2026 14:12
d2f86476-17b7-41fc-b260-94b056821a3d,hanging.town,available,6.98,47.48,medium,low,7,namecheap,,,25/09/2026 04:41
c24254b3-5635-48fc-99de-297a0f674b27,disciple.town,available,6.98,47.48,high,low,8,namecheap,,,
0cba24dc-6bf0-496b-895f-f2a9911e5a94,eps.town,available,6.98,47.48,high,low,3,namecheap,,,27/09/2026 19:02
70c989c7-0323-46df-b036-902e48f4518b,separate.town,available,6.98,47.48,high,low,8,namecheap,,,24/09/2026 11:16
92ef64f9-7059-45c3-85c2-d6132a01d160,parasites.town,available,8.5,,low,low,9,unstoppable,,,29/09/2026 22:54
3b00d83b-e718-4b2c-a2d9-ae2bbaf2e473,contracts.town,available,8.99,36.49,medium,low,9,namesilo,,,28/09/2026 08:33
c6a6f121-a229-4df3-9256-8ddbcb17e96b,calabria.town,available,8.99,36.49,medium,low,8,namesilo,,,29/09/2026 06:11
b49d6e91-be2e-4eb0-b793-f7f9522dabf4,inlet.town,available,8.99,36.49,high,low,5,namesilo,,,03/10/2026 01:17
f73bac31-9197-4974-af25-e49d309c38a4,sadly.town,available,6.98,47.48,medium,low,5,namecheap,,,14/09/2026 11:52
71915599-e96e-42fe-9e40-7b39d593a2c6,mombasa.town,available,6.98,47.48,high,low,7,namecheap,,,01/10/2026 20:35
c3851195-a6ba-42bb-94bc-b4e987aaa466,basement.town,available,6.41,29.18,high,low,8,spaceship,,,29/09/2026 01:22
82093fe4-2810-4857-aaae-ff9ca52840f5,faults.town,available,6.41,29.18,medium,low,6,spaceship,,,29/09/2026 11:04
7ffd449c-4795-4fcb-9b05-914ed309857b,aim.town,premium,242,242,high,medium,3,namesilo,,,25/09/2026 10:01
a6e3708a-1eae-419b-922e-d68b186cb069,ncr.town,available,8.5,,high,low,3,unstoppable,,,30/09/2026 19:37
c9546a10-4bf9-43b7-ac25-7cc3e046ac52,cemeteries.town,available,6.41,29.18,medium,low,10,spaceship,,,30/09/2026 14:40
e14be9be-bdb5-4007-8558-e79f893d7fd3,buy.town,premium,68.51,68.51,high,medium,3,spaceship,,,01/10/2026 08:07
fbb2e9a7-e5ff-4f24-9989-78c4bf9927bf,flanges.town,available,8.99,36.49,low,low,7,namesilo,,,30/09/2026 15:50
d792ecfd-7e92-42c8-a79f-f0a5e27f27a2,observatory.town,available,5.66,29.35,high,low,11,porkbun,,,29/09/2026 08:28
b40bbd47-6807-4c00-ab83-8a14afe0b5d3,gravid.town,available,6.98,47.48,medium,low,6,namecheap,,,16/08/2026 22:11
7c383562-2f76-4a9c-a8a5-ece89d786152,usual.town,available,6.41,29.18,high,low,5,spaceship,,,28/09/2026 10:03
7f5eb1d8-6449-424c-aecc-a91af145360d,ulcer.town,available,8.99,36.49,medium,low,5,namesilo,,,30/09/2026 11:13
26f2ee4b-b94d-4143-b91a-0cee1327f4b5,refreshment.town,available,8.99,36.49,high,low,11,namesilo,,,19/09/2026 14:11
476d1479-1118-40cd-a20b-b9a2a56e4b18,stared.town,available,8.99,36.49,medium,low,6,namesilo,,,18/09/2026 02:18
01b92c65-1c88-4f36-9cb6-ec891a42e89e,affluent.town,available,6.98,47.48,high,low,8,namecheap,,,21/09/2026 21:54
89658d6d-e839-49e1-827f-42be9a6ab412,rocks.town,available,8.99,36.49,high,low,5,namesilo,,,17/09/2026 07:43
49a12c7f-d34d-492c-aa16-d44da550c8a0,indicating.town,available,6.41,29.18,medium,low,10,spaceship,,,29/09/2026 10:48
774c21a3-e042-4ffc-a6e9-b55462db9444,touches.town,available,8.99,36.49,medium,low,7,namesilo,,,28/09/2026 04:39
c71092a1-ab80-4537-839b-bb47d499d79b,editors.town,available,8.99,36.49,medium,low,7,namesilo,,,29/09/2026 17:03
ab802af7-d90b-4c4c-a138-392e897c3cb5,brood.town,available,8.5,,high,low,5,unstoppable,,,30/09/2026 16:30
e592afd1-5575-41e6-a1ec-70f1ac510a7d,identifiable.town,available,8.5,,high,low,12,unstoppable,,,01/10/2026 22:54
21b9aeb4-fcda-4369-a858-cf3c9ab927e5,gustatory.town,available,6.98,47.48,medium,low,9,namecheap,,,20/08/2026 21:07
5c60550d-ca2a-42d6-8979-75fef0cfeaed,knocker.town,available,8.99,36.49,medium,low,7,namesilo,,,24/09/2026 22:02
6c1abc56-c92d-4a5e-80a6-0c9bc2553572,professional.town,available,8.99,36.49,high,low,12,namesilo,,,25/09/2026 11:40
5ce7c98e-3a96-4d91-a3a3-4eb32c47bd58,anciently.town,available,6.98,47.48,medium,low,9,namecheap,,,13/09/2026 19:42
f234a0a8-9459-43fd-bac6-171755229cff,corsican.town,available,6.98,47.48,high,low,8,namecheap,,,13/08/2026 02:33
03d185e7-fcc2-40e6-acd0-4f93b842160c,crudely.town,available,6.98,47.48,medium,low,7,namecheap,,,13/09/2026 20:58
dd3f7a10-19fe-49f2-98a2-55c86bb6ce04,westlake.town,available,9.99,,high,low,8,name.com,,,
71b1ca5a-79ef-43bd-98b9-d3a41c476cf5,baikal.town,available,6.98,47.48,high,low,6,namecheap,,,21/09/2026 18:54
dd3939bc-e66b-42c2-9924-4d3c0c0d35b1,doyle.town,available,8.99,36.49,high,low,5,namesilo,,,25/09/2026 12:42
6cf457b8-fc97-4fb5-83c4-5582c9a2e7e7,houghton.town,available,6.98,47.48,medium,low,8,namecheap,,,25/09/2026 23:07
71360af6-a653-4118-ba5b-b05f20c6d4c6,reminder.town,available,8.5,,high,low,8,unstoppable,,,28/09/2026 18:51
4cbe04f3-bfb4-492b-8748-7cb72f85839f,bilges.town,available,8.99,36.49,medium,low,6,namesilo,,,23/09/2026 15:54
54fc6c60-f5b6-4d98-9795-be6176e110f3,angstrom.town,available,8.99,36.49,medium,low,8,namesilo,,,16/09/2026 12:44
115e40ce-b84e-4034-b3a7-4bb9eca04479,kimberley.town,premium,,,high,low,9,,,,28/09/2026 19:38
3430f1a0-7438-4c6c-8075-a59cb57e108d,aga.town,available,6.98,47.48,high,low,3,namecheap,,,17/09/2026 15:58
c5ab2a0e-feea-4d50-bed4-8d119b6fa56d,iec.town,available,8.5,,medium,low,3,unstoppable,,,28/09/2026 16:35
2fca8d67-eb7c-4a15-afc3-1495294e7221,bondi.town,available,5.57,30.15,high,low,5,dynadot,,,03/10/2026 04:40
40f51552-63e5-44f7-8639-2f3f953f4046,rubenstein.town,available,6.41,29.18,high,low,10,spaceship,,,02/10/2026 20:07
d85b0c2f-f1d8-4cfa-b918-a349c032a474,zithromax.town,available,8.99,36.49,medium,low,9,namesilo,,,21/09/2026 11:16
94a7a53e-9fdf-4343-acc3-e11cfa523a82,advent.town,available,8.99,36.49,high,low,6,namesilo,,,17/09/2026 10:31
c04ae823-1ced-4a78-b80e-e3b9778dd916,tramontana.town,available,6.98,47.48,medium,low,10,namecheap,,,11/09/2026 18:50
e94e51bd-c256-4118-8991-903dd71b6a42,abetment.town,available,8.99,36.49,medium,low,8,namesilo,,,16/09/2026 15:17
97087537-99cb-4dd0-8806-7a93c9bfeade,circumstances.town,available,8.99,36.49,medium,low,13,namesilo,,,27/09/2026 02:27
26eebc21-4c48-4ab2-803c-847d1c99bdc5,tramway.town,available,8.99,36.49,high,low,7,namesilo,,,17/09/2026 12:48
0fed2e40-1f79-47b1-8408-16ae5a9ebc13,microbic.town,available,6.98,47.48,medium,low,8,namecheap,,,24/08/2026 22:21
bb1b5ba1-ee19-4b4d-9714-a74089bfc8da,pettily.town,available,6.98,47.48,low,low,7,namecheap,,,15/09/2026 19:44
520a53f1-f67f-418d-b285-e8043476a3ea,perpetrator.town,available,5.57,30.15,medium,low,11,dynadot,,,29/09/2026 20:54
0ffccd3d-f7a8-4a1e-9779-b60e90cff8da,drained.town,available,6.98,47.48,medium,low,7,namecheap,,,14/08/2026 18:17
72ced96a-d2af-46c0-97a3-1169c1f740d5,slipper.town,available,28.2,28.2,high,low,7,cloudflare,,,01/10/2026 01:18
c93977ea-66ab-47bd-807a-65a58fae2b30,bifid.town,available,6.98,47.48,medium,low,5,namecheap,,,09/08/2026 19:59
c6f6c45a-f1e5-4852-886b-4f80bfed0149,mantrap.town,available,6.98,47.48,medium,low,7,namecheap,,,22/08/2026 16:50
c22b6cbe-3ce5-4a41-8171-3783da6a366e,goosy.town,available,6.98,47.48,medium,low,5,namecheap,,,14/08/2026 16:07
047f2a6d-9fca-49ef-aa60-6e1525fd36ef,beldame.town,available,8.99,36.49,medium,low,7,namesilo,,,23/09/2026 04:46
c71c5f68-3be2-4288-a76d-1c49c3997939,investigators.town,available,8.5,,medium,low,13,unstoppable,,,29/09/2026 00:00
4953e2c7-67e3-46e7-9080-f0110873a24e,spiders.town,available,8.99,36.49,medium,low,7,namesilo,,,16/09/2026 05:32
bc03452f-e2f4-429c-aa36-587cdb336ff6,overarching.town,available,8.5,,high,low,11,unstoppable,,,30/09/2026 20:07
dff40af4-2306-488e-9191-86d619141b81,treacherous.town,available,8.99,36.49,medium,low,11,namesilo,,,30/09/2026 03:44
f719e746-225a-4eb6-8f1a-8e05a4936c3e,accumulation.town,available,5.66,29.35,high,low,12,porkbun,,,30/09/2026 22:26
884074e3-2dad-4009-99ad-ebb44d721824,khrushchev.town,available,5.57,30.15,medium,low,10,dynadot,,,03/10/2026 01:25
696c3fb9-9268-4582-8e9d-6a16daf6a176,cosmetics.town,premium,128.7,128.7,high,low,9,namecheap,,,29/09/2026 04:53
da10ca01-0a19-41d5-84e6-30533ee87d62,aardwolf.town,available,8.99,36.49,medium,low,8,namesilo,,,19/09/2026 15:52
f0024939-4499-41af-92fa-5f575c180a84,propranolol.town,available,8.99,36.49,high,low,11,namesilo,,,20/09/2026 00:29
643a3c5b-d400-4c89-9aa9-3961c3dd66f0,markham.town,premium,,,high,low,7,,,,27/09/2026 20:59
f78b1abf-d338-4366-affc-e0254d8bec12,magnum.town,available,6.41,29.18,high,low,6,spaceship,,,28/09/2026 06:19
08eb8211-0d46-49ab-ae2f-7c5e2e1ec5b7,papaw.town,available,8.99,36.49,medium,low,5,namesilo,,,20/09/2026 14:12
f793e924-cb5f-4b62-ab7e-505b6aed1852,rustling.town,available,6.98,47.48,high,low,8,namecheap,,,03/09/2026 11:20
bbdd71d4-60db-4043-acce-e972ff7d1b04,grieving.town,available,6.98,47.48,medium,low,8,namecheap,,,09/08/2026 15:07
cbfa6dd3-445e-4f69-a59b-8573b520a2fb,doughnut.town,available,6.41,29.18,medium,low,8,spaceship,,,30/09/2026 14:25
75337dc4-d5f4-41c9-9e51-744d6608690b,spaceward.town,available,6.98,47.48,medium,low,9,namecheap,,,16/09/2026 05:42
20d8eb29-cbb3-4989-8e14-1c5bf0eebc56,zones.town,available,8.5,,medium,low,5,unstoppable,,,29/09/2026 16:49
0d62534e-e091-444d-917b-ce1e256a1faa,mlb.town,premium,36.3,36.3,high,medium,3,dynadot,,,29/09/2026 09:28
98d5be27-422d-4124-a32d-9d1eabf7c08f,clause.town,available,8.99,36.49,high,low,6,namesilo,,,24/09/2026 15:20
32890a34-3e43-48de-bc33-e85909878e5d,prewar.town,available,6.98,47.48,medium,low,6,namecheap,,,09/09/2026 01:51
370bca6c-5268-4f7a-a9e9-203147b87d77,pacify.town,available,6.98,47.48,high,low,6,namecheap,,,18/08/2026 22:00
077673ab-a80e-4ea1-a3de-9a351d354b4e,remindful.town,available,6.98,47.48,medium,low,9,namecheap,,,17/08/2026 15:18
5076e241-ce5d-4519-8f31-eccf70f6f993,abkhazian.town,available,6.98,47.48,medium,low,9,namecheap,,,
19e7ae05-7870-48ab-8955-bc579281c75b,paola.town,available,8.5,,medium,low,5,unstoppable,,,30/09/2026 15:17
efdfd8d7-311f-4827-9071-630f741f0815,unverified.town,available,6.98,47.48,medium,low,10,namecheap,,,12/09/2026 22:13
995259c0-3a7c-4da0-9c4b-7f0e73475763,roasted.town,available,6.41,29.18,high,low,7,spaceship,,,27/09/2026 15:50
c20e70d9-89ca-498c-850d-a91f36a8a32c,artillery.town,available,6.98,47.48,high,low,9,namecheap,,,20/09/2026 11:43
f9d177e1-8cea-4acf-a07b-171cd4ebb286,surrogate.town,available,8.99,36.49,high,low,9,namesilo,,,22/09/2026 02:27
907a9fa2-3b83-4132-91ff-38ef11249e93,prokhorov.town,available,8.99,36.49,high,low,9,namesilo,,,18/09/2026 05:06
93e3251f-75e2-43a2-82cd-fd22f6ee688a,argentinian.town,premium,72.6,72.6,high,low,11,dynadot,,,30/09/2026 03:20
4905fcae-81f4-4d7d-ba5a-72a25a51b467,thrice.town,available,8.99,36.49,medium,low,6,namesilo,,,16/09/2026 08:59
8c5ecc36-2951-459d-bb52-d965f5641eee,melancholy.town,available,6.98,47.48,high,low,10,namecheap,,,25/09/2026 19:05
6d590f0b-2553-4de5-a46a-37c083fda7bc,cheng.town,available,6.41,29.18,medium,low,5,spaceship,,,28/09/2026 11:35
be39c789-b1b4-48a9-a9b8-521eef2a4a12,wrapper.town,available,6.41,29.18,high,low,7,spaceship,,,30/09/2026 01:54
e067247f-7f63-40ca-9d07-d04616080b76,committee.town,available,28.2,28.2,high,low,9,cloudflare,,,29/09/2026 09:31
6fed9e51-6de0-4a98-a310-c5a19effbdb5,tautly.town,available,8.99,36.49,medium,low,6,namesilo,,,16/09/2026 08:09
512ccc59-9fa3-4657-9840-4149ce8f619a,nigh.town,available,6.98,47.48,medium,low,4,namecheap,,,12/08/2026 12:04
51b84d64-9265-4d12-8dd9-7c2cf9566cc0,royale.town,available,6.98,47.48,high,low,6,namecheap,,,02/10/2026 07:32
2a41edb8-328e-4fbe-8493-981c680cdcdf,habited.town,available,6.98,47.48,medium,low,7,namecheap,,,20/08/2026 21:27
26b644df-93c2-4ebb-afea-0e4500ad5854,implants.town,available,28.2,28.2,medium,low,8,cloudflare,,,29/09/2026 17:38
7805b239-43f2-4f43-a383-243f8bf00f8e,cosigner.town,available,6.98,47.48,medium,low,8,namecheap,,,13/08/2026 02:49
d1aae474-0ee0-4663-8557-bc9988d72808,grabs.town,available,8.99,36.49,medium,low,5,namesilo,,,29/09/2026 11:38
0df73f7f-b394-41a7-abf1-b95cd41224f0,cosily.town,available,6.98,47.48,medium,low,6,namecheap,,,14/09/2026 08:50
0aafb985-b09f-428a-8427-18f72c558fce,keaton.town,available,8.5,,medium,low,6,unstoppable,,,30/09/2026 00:55
0cf03519-d865-4520-b7de-8c94b28cc55c,miramar.town,premium,78.54,78.54,high,low,7,namesilo,,,02/10/2026 10:58
5f73e689-0fb5-457e-b69c-26370a1bfa22,constancy.town,available,8.99,36.49,high,low,9,namesilo,,,24/09/2026 17:32
6ce2b397-3cff-4b43-86c6-b78a9925b047,alcahest.town,available,8.99,36.49,medium,low,8,namesilo,,,18/09/2026 03:43
8ed41ef1-ae87-472e-954a-90357ce34730,tai.town,available,6.98,47.48,high,low,3,namecheap,,,10/09/2026 07:25
8d93a107-825d-4bf9-b2ee-abf4b52e3d89,harden.town,available,5.66,29.35,medium,low,6,porkbun,,,02/10/2026 06:44
08d3a742-93c1-4cd1-b42a-efd50fb2696d,communally.town,available,6.98,47.48,high,low,10,namecheap,,,14/09/2026 07:33
03a64a14-cfcc-472f-b493-8f9765a9cdfe,annona.town,available,8.99,36.49,medium,low,6,namesilo,,,19/09/2026 10:30
a4a77742-b72e-4406-83f0-237d0c5f1bf7,threat.town,available,6.41,29.18,high,low,6,spaceship,,,30/09/2026 04:17
49684c00-0c91-464f-aabd-56ba83140730,pier.town,available,8.99,36.49,high,low,4,namesilo,,,28/09/2026 06:35
233b9907-89c0-4b34-95ea-40a180a8d44c,emotions.town,available,8.99,36.49,medium,low,8,namesilo,,,27/09/2026 02:04
45b62374-9224-4a69-a356-283cdc5c90c5,logging.town,available,6.41,29.18,high,low,7,spaceship,,,29/09/2026 19:34
643ededc-df9c-46e1-af81-ef9967e178cd,seti.town,available,5.57,30.15,high,low,4,dynadot,,,03/10/2026 04:32
0e7a2621-3272-4174-80eb-8eca0ca0433d,schoolhouse.town,available,28.2,28.2,high,low,11,cloudflare,,,30/09/2026 12:19
bd8db07b-ba8d-40e6-8c90-c7f4fec1a989,rigorously.town,available,6.98,47.48,medium,low,10,namecheap,,,15/09/2026 23:46
29cdb7ae-2e0c-400b-b00b-9f51ff5e49e6,sacked.town,available,8.99,36.49,medium,low,6,namesilo,,,24/09/2026 06:49
5fca1caa-d6d1-463b-bb80-e8340ded66d1,pecs.town,available,6.98,47.48,medium,low,4,namecheap,,,08/09/2026 12:11
373b49d1-1488-4348-bc5a-49bb29eb723d,agreement.town,available,8.99,36.49,high,low,9,namesilo,,,02/10/2026 11:50
3fff982e-d199-4743-9ee6-8ff6ab466fa0,overwhelming.town,available,8.5,,high,low,12,unstoppable,,,28/09/2026 07:20
4ee6d93a-e8b4-419e-a26a-c780889e724e,playwright.town,available,6.41,29.18,high,low,10,spaceship,,,30/09/2026 09:24
105a9a83-4485-4a18-aa47-94e480a09903,motherhood.town,available,8.5,,high,low,10,unstoppable,,,29/09/2026 19:42
aba87308-8dc1-499a-a364-f67f10f8188d,greensburg.town,available,6.98,47.48,high,low,10,namecheap,,,01/10/2026 12:09
0adc6edd-5e8e-4a53-9ae5-9191273db96c,decades.town,available,8.99,36.49,low,low,7,namesilo,,,28/09/2026 13:15
fa545a69-c9bb-4be0-9419-863f09e8c105,chelsea.town,premium,118.8,118.8,high,low,7,namesilo,,,25/09/2026 14:48
fa8ac092-cfa1-42b6-bc9c-58daa0527bd8,hallway.town,available,6.41,29.18,high,low,7,spaceship,,,28/09/2026 05:56
a4ef4de7-e4e9-48f6-8931-ab059ad325d4,hafnium.town,available,8.99,36.49,medium,low,7,namesilo,,,20/09/2026 23:42
9c759bff-6627-40e8-b2ec-a5e413cdcaa2,gallus.town,available,8.99,36.49,high,low,6,namesilo,,,02/10/2026 04:58
6fcf656e-1a4a-49f7-8d1e-1232102f066a,humphrey.town,available,8.99,36.49,high,low,8,namesilo,,,25/09/2026 14:49
c84189c9-5c62-4a05-9987-b13e04e7a858,projector.town,available,6.41,29.18,high,low,9,spaceship,,,29/09/2026 20:04
b7211c89-ebc0-4f34-a9aa-4fec732685f2,bernice.town,available,8.99,36.49,medium,low,7,namesilo,,,28/09/2026 21:58
68924d93-a855-4f15-8074-ad6c271f450f,easier.town,available,8.99,36.49,high,low,6,namesilo,,,27/09/2026 09:58
cf3704c8-73fb-419f-b6c4-bd76475a899a,braille.town,available,6.98,47.48,high,low,7,namecheap,,,24/09/2026 08:01
d569435d-23eb-4cf0-98da-7acb8dbfcc0c,oath.town,available,28.2,28.2,high,low,4,cloudflare,,,27/09/2026 12:47
833a53b6-3da0-4a55-ba82-9c8ce52e9b66,arcadian.town,available,6.98,47.48,high,low,8,namecheap,,,06/08/2026 14:10
c6a1cbe9-7f60-47f9-b8ae-2de223cf24b3,bothered.town,available,8.99,36.49,medium,low,8,namesilo,,,23/09/2026 01:08
3efcc56c-f670-4e04-a6f1-65eb8d5beb14,balaton.town,available,6.98,47.48,medium,low,7,namecheap,,,21/09/2026 21:18
36668fa9-ed7b-4d4f-b074-b428f374d0ef,affix.town,available,8.99,36.49,high,low,5,namesilo,,,17/09/2026 14:37
2fee90aa-a45d-4442-813f-4971143c01fc,exhausted.town,available,6.98,47.48,medium,low,9,namecheap,,,14/08/2026 14:43
218e8683-6cbf-4ffc-9aaf-433700f8839f,summarizing.town,available,8.99,36.49,medium,low,11,namesilo,,,17/09/2026 10:36
a4bc0597-3d1e-40c5-aaa2-becccdee8966,alleyway.town,available,8.99,36.49,medium,low,8,namesilo,,,19/09/2026 04:05
3bc52180-da17-4f4e-b859-b9b03efa74e6,smatter.town,available,6.98,47.48,medium,low,7,namecheap,,,24/09/2026 04:48
cf50ab9f-ac9f-423b-bbec-d4ecef8af84a,relinquish.town,available,6.41,29.18,high,low,10,spaceship,,,01/10/2026 21:29
a735f487-2177-4d86-bf66-28ccb43bf9c5,iraki.town,available,6.98,47.48,medium,low,5,namecheap,,,22/08/2026 09:37
a740cedb-ee5f-41d5-9236-be4e4296e997,icing.town,available,6.41,29.18,high,low,5,spaceship,,,01/10/2026 02:14
90850fe5-bef1-40da-8e59-8b55eb7e803b,automatism.town,available,8.99,36.49,medium,low,10,namesilo,,,21/09/2026 06:59
659f3ff6-867e-441b-a0c5-b1686a25c798,ceylonese.town,available,6.98,47.48,high,low,9,namecheap,,,12/08/2026 01:10
b30dd4cb-4102-4281-8f2e-062333e36c3b,bentwood.town,available,6.98,47.48,medium,low,8,namecheap,,,23/09/2026 08:47
adc53578-cf79-433b-8ad8-4a410a9c5e95,serenely.town,available,6.98,47.48,medium,low,8,namecheap,,,16/09/2026 01:06
b90ba757-cdb5-4b67-80a1-dc671fc23250,arrogant.town,available,8.99,36.49,medium,low,8,namesilo,,,22/09/2026 08:39
6a16b01a-74a3-40d3-bc0b-020c3ec3342a,defensible.town,available,6.98,47.48,medium,low,10,namecheap,,,13/08/2026 23:11
608bd0d1-ffb9-4a34-93e1-d88e156bb73e,alisma.town,available,8.99,36.49,medium,low,6,namesilo,,,18/09/2026 08:02
9237e9ee-3437-46ec-8593-1a2a578f8b3f,clans.town,available,6.41,29.18,medium,low,5,spaceship,,,30/09/2026 23:08
783f34c1-24eb-43a6-87b3-8c287e54eddb,lockdown.town,available,6.41,29.18,high,low,8,spaceship,,,30/09/2026 02:10
bd8a0b2a-aad6-4b31-8d5a-b1a39af049f4,lingually.town,available,6.98,47.48,medium,low,9,namecheap,,,15/09/2026 12:28
73652b28-4ae8-49d0-8ed8-d2f2e5558c03,whitish.town,available,6.98,47.48,medium,low,7,namecheap,,,24/08/2026 23:06
7c8598e5-78d7-4f8f-99db-9baa5a96a91f,peoria.town,premium,242,242,high,low,6,namesilo,,,27/09/2026 04:58
7913a7d8-90e6-42ac-afa3-a6cb4b5166c0,perpetual.town,available,6.98,47.48,high,low,9,namecheap,,,
f5c19bc4-3069-4395-9e11-7b16975c57ab,applicant.town,available,8.99,36.49,high,low,9,namesilo,,,19/09/2026 21:53
4cf0c00c-9cd8-44c8-8c15-f6a271b75e3f,edgewise.town,available,6.98,47.48,medium,low,8,namecheap,,,14/09/2026 15:02
82a508a8-7add-4442-9423-86c50c2fa5dd,peyton.town,available,6.41,29.18,medium,low,6,spaceship,,,28/09/2026 18:24
08f6019d-a7d1-4d43-a091-f1a9be46ab59,mistletoe.town,available,8.5,28.2,medium,low,9,unstoppable,,,02/10/2026 11:12
6668d4da-129c-4b55-825d-f36807499388,insufficient.town,available,6.98,47.48,medium,low,12,namecheap,,,01/10/2026 04:49
617cb20c-bc67-4d8b-b1fc-af915bea5fa7,wim.town,available,5.57,30.15,high,low,3,dynadot,,,01/10/2026 07:40
2ed1ede5-9546-4e9a-9e21-469caf28cf3b,frith.town,available,6.41,29.18,medium,low,5,spaceship,,,30/09/2026 19:50
c90a03ff-8314-4500-9da5-c93f2af6009a,disabled.town,available,6.98,47.48,high,low,8,namecheap,,,24/09/2026 10:55
a54a072f-49b8-436d-8c65-120ab92b1d12,marysville.town,available,8.99,36.49,high,low,10,namesilo,,,30/09/2026 05:38
ff1dbf25-d82d-4a18-9312-d3b0e6cb1796,barron.town,available,8.99,36.49,high,low,6,namesilo,,,27/09/2026 08:02
c3955a2d-61b8-44bf-8769-39f347241c68,hurricane.town,available,8.99,36.49,high,low,9,namesilo,,,27/09/2026 14:11
7e0cdeee-4e70-415b-93bf-d3c5b77f2722,nasdaq.town,available,6.41,29.18,high,low,6,spaceship,,,28/09/2026 02:27
f58ae750-cd3d-4448-bb79-b1fb5d2eea6a,teary.town,available,6.98,47.48,medium,low,5,namecheap,,,11/09/2026 09:50
b32e1832-1de6-47c2-ac35-4794357293b3,counters.town,available,8.5,,medium,low,8,unstoppable,,,01/10/2026 17:08
3a3014db-5cde-4ec0-8cec-2d3c3f5b72a2,taunt.town,available,6.98,47.48,medium,low,5,namecheap,,,11/09/2026 09:13
8170bef9-a7c2-4c62-baf2-1264d297cf9d,apteryx.town,available,6.98,47.48,medium,low,7,namecheap,,,19/09/2026 22:37
42985000-48a3-4b9a-b651-a3b9a1c405a2,detailed.town,available,8.99,36.49,high,low,8,namesilo,,,24/09/2026 07:09
a0168bfe-aca9-4c0e-8e7f-fdaa3aa47257,thousand.town,available,8.99,36.49,high,low,8,namesilo,,,21/09/2026 11:02
06409d50-3ddf-4b20-9bce-6d65e60e3641,alphonso.town,available,6.41,29.18,high,low,8,spaceship,,,03/10/2026 03:16
04c0999c-dee9-4146-b1db-816a3b8722b1,departments.town,available,8.99,36.49,medium,low,11,namesilo,,,29/09/2026 17:21
4e60f100-c6ea-49cb-97c1-c372b7fe598b,whiny.town,available,6.98,47.48,medium,low,5,namecheap,,,09/09/2026 08:37
2bb54c1d-a5f5-47f6-85e9-2bc63cb81a6a,dire.town,available,6.98,47.48,medium,low,4,namecheap,,,14/08/2026 08:44
77e69dad-b40b-4fee-9734-31334b98f044,adventive.town,available,6.98,47.48,medium,low,9,namecheap,,,
5027769e-81dd-488e-a8fc-327c06052783,creates.town,available,9.99,61.99,high,low,7,godaddy,,,30/09/2026 02:17
21a384e1-c5f8-4073-8392-bdac8a98c3ae,mortimer.town,available,6.98,47.48,medium,low,8,namecheap,,,25/09/2026 23:45
1f444c96-2031-4ece-9dc9-4b14bf52e52e,bernini.town,available,8.99,36.49,high,low,7,namesilo,,,23/09/2026 09:56
a855accb-06ca-40e7-aeb2-859274b35d28,hypothermia.town,available,8.99,36.49,medium,low,11,namesilo,,,02/10/2026 21:51
01bc906b-d087-4bb7-834c-1d29c1a818d4,complete.town,available,6.98,47.48,high,low,8,namecheap,,,19/09/2026 19:02
8f99cd51-2da0-4c81-84f1-58e71e194181,watered.town,available,6.98,47.48,medium,low,7,namecheap,,,25/08/2026 03:28
a0fbf5ad-e281-4383-9671-9954ddde597a,clauses.town,available,5.66,29.35,medium,low,7,porkbun,,,02/10/2026 11:49
33a7c6ae-e8fb-47b5-a281-fed6a2a000b6,antapex.town,available,8.99,36.49,medium,low,7,namesilo,,,19/09/2026 12:32
dada6a05-4a6d-4d3f-9850-677885788d6c,kestrel.town,available,6.98,47.48,high,low,7,namecheap,,,18/09/2026 20:14
3b415f23-b500-4c21-a25e-b33319abf0c6,territorial.town,available,8.5,,high,low,11,unstoppable,,,28/09/2026 21:11
516ff27c-a909-42dc-a049-81d914f961a9,inseparable.town,available,8.99,36.49,high,low,11,namesilo,,,01/10/2026 04:48
e44df2a9-b7d0-43b3-b5ee-4746758d4a68,gainful.town,available,6.98,47.48,medium,low,7,namecheap,,,18/08/2026 19:30
56c3f103-e01e-4f83-97d8-5062786eff95,danube.town,available,28.2,28.2,high,low,6,cloudflare,,,01/10/2026 01:40
d1abe80d-e706-40de-a55b-5471ab3a757e,forwarded.town,available,28.2,28.2,medium,low,9,cloudflare,,,02/10/2026 03:19
75a68147-fc5a-4ea4-9d8d-83767302174f,emulous.town,available,6.98,47.48,medium,low,7,namecheap,,,16/08/2026 21:03
a0d34b2a-d184-4543-baba-de0eb9c196f8,downside.town,available,6.98,47.48,medium,low,8,namecheap,,,24/09/2026 23:40
719620a9-3718-4bd2-90a8-5372f893126f,fad.town,premium,85.8,85.8,high,low,3,namecheap,,,24/09/2026 19:13
5e800aca-0f0b-480e-b8ed-357db9c53316,supplicant.town,available,6.98,47.48,medium,low,10,namecheap,,,11/09/2026 03:28
a6c53b94-e047-4828-81b6-42e9c18062bb,queasy.town,available,6.98,47.48,medium,low,6,namecheap,,,24/08/2026 08:26
d2f19607-db40-48d0-9f45-2f9f048cb0c6,beaufort.town,available,8.99,36.49,high,low,8,namesilo,,,30/09/2026 13:16
c7bbd392-0b16-4145-85f0-58b9f86ec80a,gotha.town,available,6.41,29.18,medium,low,5,spaceship,,,30/09/2026 13:38
939a11a3-49d4-4dfe-b4ea-e40989b0e52d,jetting.town,available,6.98,47.48,high,low,7,namecheap,,,22/08/2026 13:09
35c03f22-5a6f-4cf0-b129-51c3eb2d7993,escapes.town,available,6.41,29.18,medium,low,7,spaceship,,,29/09/2026 05:18
d695f6b1-b3e0-41c3-9a16-18754dbc5afd,conflicts.town,available,6.98,47.48,medium,low,9,namecheap,,,19/09/2026 21:22
65ef1f0b-9a91-442b-8c91-6553f53c88f5,beaut.town,available,8.99,36.49,high,low,5,namesilo,,,22/09/2026 22:16
82125d47-3d6c-443f-9c9a-2392b3d363e9,ilya.town,available,6.98,47.48,high,low,4,namecheap,,,30/09/2026 13:44
11794f96-04ba-471d-be5c-758536f3ec3f,condom.town,available,8.99,36.49,high,low,6,namesilo,,,29/09/2026 10:43
0a52420f-8c17-4deb-8565-ca2f4542d250,hoarfrost.town,available,6.98,47.48,medium,low,9,namecheap,,,21/08/2026 10:07
e8043069-8eca-4414-9a86-1f50e37adbc7,csm.town,available,28.2,28.2,high,low,3,cloudflare,,,30/09/2026 20:24
fc902bd0-0bd4-434c-a823-e1f4745dbba1,selfhelp.town,available,8.99,36.49,high,low,9,namesilo,,,02/10/2026 06:22
0f22cf5a-6b4c-4695-a607-323c4a4d53d7,save.town,premium,108.9,108.9,high,low,4,dynadot,,,28/09/2026 00:11
b7fa74a4-eced-4820-ad44-1bdd86904b80,conformist.town,available,6.98,47.48,high,low,10,namecheap,,,12/08/2026 21:13
63b30fca-a9a1-4f86-a948-0eebf876d1f3,bleached.town,available,6.98,47.48,medium,low,8,namecheap,,,10/08/2026 13:52
bde528c6-0d78-45fd-a77a-9fc3dc58428a,algebraist.town,available,8.99,36.49,medium,low,10,namesilo,,,18/09/2026 06:55
c9ff97e1-d360-47f3-af6d-c2f0c39e18a4,fearfully.town,available,6.98,47.48,medium,low,9,namecheap,,,14/09/2026 18:04
f47f57e4-0a00-4493-9730-80b826d33380,ana.town,available,5.57,30.15,high,low,3,dynadot,,,28/09/2026 21:04
fb33d1e7-92ec-4c56-b0b6-7692c16629d5,proprietor.town,available,5.66,29.35,high,low,10,porkbun,,,30/09/2026 10:42
b25a9075-0836-4a7c-94a1-963a589b39cb,gateway.town,available,6.41,29.18,high,medium,7,spaceship,,,28/09/2026 14:15
e1d83066-4e76-40c9-b846-177751bb0834,baryon.town,available,8.99,36.49,medium,low,6,namesilo,,,22/09/2026 09:41
b3154445-ac04-4223-8101-b357976c8e33,vainly.town,available,6.98,47.48,medium,low,6,namecheap,,,15/09/2026 07:33
2173b726-3bdb-4d16-ae38-7ec0886e988d,lifelong.town,available,8.5,47.48,high,low,8,unstoppable,,,02/10/2026 11:31
6b173e7b-fd1b-4e81-bf32-178e3c0bc38d,genetic.town,available,6.98,47.48,high,low,7,namecheap,,,18/08/2026 21:31
23858af5-c549-4186-a941-4ae92cac7e13,calamity.town,available,8.99,36.49,medium,low,8,namesilo,,,30/09/2026 16:33
41e3c788-e2bb-4a95-af7e-b0980c3af525,haa.town,available,6.41,29.18,high,low,3,spaceship,,,30/09/2026 12:30
e6b3e345-d0f7-4ba6-b557-5e4b0d56b732,ageratina.town,available,8.99,36.49,medium,low,9,namesilo,,,17/09/2026 17:21
7e58ee32-ac5b-42a9-a838-5c31b74ceffc,finley.town,available,8.5,,high,low,6,unstoppable,,,28/09/2026 04:02
e2fed3c0-1bad-4ff4-82d0-fa571ce3a461,fulsome.town,available,6.98,47.48,medium,low,7,namecheap,,,11/08/2026 11:40
9e9f5c3e-7c40-4bb9-8908-180a0568cdf7,audition.town,available,8.99,36.49,high,low,8,namesilo,,,21/09/2026 03:09
fd8135d2-c90c-4eb7-98e8-8caba0e0ea5d,eligible.town,available,6.98,47.48,high,low,8,namecheap,,,16/08/2026 04:35
3b9b4b7a-8750-424b-a804-127444340cd1,alder.town,available,8.99,36.49,high,low,5,namesilo,,,18/09/2026 04:26
994f7e70-8886-491a-b35c-ce6ce9c93511,nitpicking.town,available,6.98,47.48,medium,low,10,namecheap,,,19/09/2026 01:08
017c251c-0527-45a3-be39-656ba707caed,bil.town,available,6.41,29.18,high,low,3,spaceship,,,02/10/2026 19:11
216adb6e-ffa6-4e2e-8e4f-1e2856446d92,illegitimate.town,available,8.99,36.49,medium,low,12,namesilo,,,30/09/2026 03:36
e13710d6-ebe7-49d4-bb02-1317b95d6043,asn.town,available,5.66,29.35,high,low,3,porkbun,,,03/10/2026 04:25
d2f012c5-e8c5-4396-b84b-bbda30b4ea7b,victims.town,available,9.99,,medium,low,7,name.com,,,18/09/2026 21:07
88e49ae1-11d6-46a8-886e-8a5346228c4b,arenga.town,available,8.99,36.49,medium,low,6,namesilo,,,20/09/2026 03:43
f965938f-1deb-47b3-b4c4-0c92fd1b207f,frances.town,available,8.99,36.49,high,low,7,namesilo,,,28/09/2026 11:53
17adbb11-3ec6-429f-82ce-3b33cf661306,resole.town,available,6.98,47.48,medium,low,6,namecheap,,,10/09/2026 13:33
fd645db8-1e2a-4e80-8769-11832094b4aa,nullified.town,available,6.98,47.48,medium,low,9,namecheap,,,22/08/2026 08:56
b10d9fc5-c136-4770-bb71-daa9af615568,alerting.town,available,8.99,36.49,high,low,8,namesilo,,,18/09/2026 05:27
1a941653-e8ae-427c-a3d0-c7706f123cc9,scruples.town,available,8.99,36.49,high,low,8,namesilo,,,24/09/2026 17:26
902cb02e-f575-4615-9ddb-fc787eb9e419,lawrencium.town,available,8.99,36.49,medium,low,10,namesilo,,,20/09/2026 22:00
09f37d6c-5967-46f4-bede-fa2d948d2fa2,alco.town,available,6.41,29.18,high,low,4,spaceship,,,02/10/2026 07:56
a1811609-ac53-4cf3-a33b-ff814bd487f5,alchemic.town,available,6.98,47.48,medium,low,8,namecheap,,,
e5807c2b-9a11-42bd-af64-5dbeaae5bb8b,aesir.town,available,8.99,36.49,medium,low,5,namesilo,,,17/09/2026 13:23
caa62351-9abe-4910-a2a1-652ee9a5f40e,plumbago.town,available,8.99,36.49,medium,low,8,namesilo,,,24/09/2026 01:07
64b2c828-14d8-4310-9683-a2d149371e75,acr.town,available,8.5,,high,low,3,unstoppable,,,02/10/2026 19:10
691e35a0-a9bb-40a8-bc31-3645cf91a510,unthinking.town,available,6.98,47.48,medium,low,10,namecheap,,,24/08/2026 11:16
efe26175-b4e9-42ba-ade7-c14cd53f090c,zdv.town,available,8.99,36.49,medium,low,3,namesilo,,,21/09/2026 11:32
ff16f04e-981c-42fd-8396-4bfcabcad380,bellman.town,available,8.99,36.49,medium,low,7,namesilo,,,23/09/2026 06:01
488a95e8-e4ef-4e0f-b58d-398ff4b97e64,exquisite.town,available,6.98,47.48,high,low,9,namecheap,,,17/08/2026 18:54
9f133035-b1d9-412f-b05c-898acd7a82b2,agrypnia.town,available,6.98,47.48,medium,low,8,namecheap,,,17/09/2026 20:02
32754acd-34ab-4f80-807f-16e45a4ca111,valor.town,available,6.41,29.18,high,low,5,spaceship,,,30/09/2026 17:26
4a09af34-7030-41b1-b1b1-92f10d723a07,hemic.town,available,6.98,47.48,low,low,5,namecheap,,,20/08/2026 21:49
4d64b7c1-0b4c-4932-b475-2e08b8acc912,intermittent.town,available,8.5,,high,low,12,unstoppable,,,01/10/2026 04:59
af888c78-7eb4-433e-b031-21e19be4a798,plates.town,available,8.99,36.49,medium,low,6,namesilo,,,27/09/2026 02:22
6b8b0ef7-4220-412e-9e6f-157927e972e8,powys.town,available,6.98,47.48,medium,low,5,namecheap,,,01/10/2026 20:09
7186fe4f-cdc9-4f29-87f8-1e72e2450c45,mutt.town,available,8.99,36.49,high,low,4,namesilo,,,01/10/2026 01:39
bc1e6159-cfd4-460a-89cf-caa006f5bd3c,pies.town,available,8.99,36.49,medium,low,4,namesilo,,,02/10/2026 14:35
4eca9f88-2661-48de-8119-9ddd990ca874,iced.town,available,6.41,29.18,high,low,4,spaceship,,,29/09/2026 14:21
4bf241fe-b2f1-4321-87b7-f2e446f8160c,monastic.town,available,6.98,47.48,medium,low,8,namecheap,,,12/08/2026 11:57
ee60fbd7-a6a4-4a45-8798-43414fb9d4c4,flatness.town,available,6.98,47.48,medium,low,8,namecheap,,,24/08/2026 17:17
6a405374-9880-47f3-a45d-e5a6ff45464d,irb.town,available,8.5,,medium,low,3,unstoppable,,,29/09/2026 03:06
b43d416e-7e9a-43c9-ae04-e945016f48f1,insult.town,available,8.99,36.49,high,low,6,namesilo,,,17/09/2026 14:53
cf144a07-3497-4b03-8567-a55bb2ea909d,baillie.town,available,28.2,28.2,high,low,7,cloudflare,,,30/09/2026 20:10
b05257eb-3688-4d14-926c-d8ea1829b805,casually.town,available,6.98,47.48,medium,low,8,namecheap,,,14/09/2026 05:25
834ec26e-e570-4b11-bc3c-bd8e77113f6d,condo.town,premium,78.54,78.54,high,low,5,namesilo,,,29/09/2026 10:41
21372a74-6d3b-4fc6-9d63-d3c9fd20a029,blaster.town,available,8.99,36.49,high,low,7,namesilo,,,24/09/2026 04:22
d93ecc12-f1a4-4f9d-af40-2112dbb1d606,legacy.town,premium,118.8,118.8,high,medium,6,namesilo,,,23/09/2026 09:05
9c44dcd1-0c17-43ef-b5c7-8f3918222aab,emphasise.town,available,8.99,36.49,high,low,9,namesilo,,,16/09/2026 21:53
b3fbfcf6-055d-4168-bd14-bb830dbebe01,dragonfly.town,available,6.41,29.18,high,low,9,spaceship,,,30/09/2026 01:23
82e6dbe6-edd0-4f1c-9e1e-5de267c448a2,ridge.town,premium,99.5,,high,low,5,unstoppable,,,28/09/2026 03:01
833fcc63-b8a7-4b56-b60e-2db6c6226e50,asymmetry.town,available,6.98,47.48,medium,low,9,namecheap,,,20/09/2026 18:39
7afef50b-4572-4f06-93b9-5070c80bf04c,explosive.town,available,6.98,47.48,high,low,9,namecheap,,,17/08/2026 18:33
5258be8d-3ecc-4791-b05a-b92555036332,interlude.town,available,6.41,29.18,high,low,9,spaceship,,,03/10/2026 01:18
21717305-9c4b-47c8-aac1-d7c31ed61cb2,fuddled.town,available,6.98,47.48,low,low,7,namecheap,,,09/08/2026 15:36
383ef456-8ca7-49cf-8f5e-83af1ea4098c,microgravity.town,available,8.5,,high,low,12,unstoppable,,,02/10/2026 21:22
1f795058-b2cb-4075-a969-989395da8f90,reit.town,premium,38.94,38.94,high,low,4,namesilo,,,02/10/2026 16:30
2dec744d-8d05-4029-ba61-8b2ac508e71b,favoritism.town,available,8.99,36.49,medium,low,10,namesilo,,,24/09/2026 22:35
d198cfd7-5142-492e-a43d-fbf61946a883,greeting.town,available,6.41,29.18,high,low,8,spaceship,,,28/09/2026 14:22
afe27a2a-d338-4752-9cdd-452a45f88485,whales.town,available,28.2,28.2,medium,low,6,cloudflare,,,28/09/2026 08:48
7974a464-2517-403c-85ca-01c2d7b97b7a,apathy.town,available,8.99,36.49,medium,low,6,namesilo,,,19/09/2026 16:17
ef8a99a7-9a2f-493a-b450-3f3406f3558d,darling.town,available,6.98,47.48,high,low,7,namecheap,,,09/08/2026 13:48
541c8eb6-329e-4c9a-ac28-c0d183909122,sixth.town,available,6.98,47.48,high,low,5,namecheap,,,
e7ac1cdd-6737-4fcc-af5c-43c64cbd10b7,horrid.town,available,6.98,47.48,medium,low,6,namecheap,,,21/08/2026 08:14
ca2d3cfd-1ad2-4ca2-8c4f-362215fdaff7,tufted.town,available,6.98,47.48,medium,low,6,namecheap,,,11/08/2026 13:14
f2b95216-06f4-4441-892d-20f7d512e3d4,veterans.town,available,8.99,36.49,high,low,8,namesilo,,,18/09/2026 11:06
91f85623-8739-4e14-8ae4-ea8583c0cff0,risked.town,available,5.57,30.15,medium,low,6,dynadot,,,30/09/2026 00:38
83bede3e-96af-4067-8aae-171bca0b4692,eleazar.town,available,8.99,36.49,medium,low,7,namesilo,,,02/10/2026 09:32
6f2ae211-c4f0-4683-999b-7486378a6084,else.town,available,5.57,30.15,high,low,4,dynadot,,,30/09/2026 23:12
5b159920-df03-463d-9fd0-d7f80ea553cd,beloved.town,available,6.98,47.48,high,low,7,namecheap,,,09/08/2026 13:47
94f2531e-3902-43a5-9df3-478a644c112e,eminem.town,available,8.99,36.49,high,low,6,namesilo,,,03/10/2026 04:12
7801d265-bedb-4e2c-ad10-3ad4f67bd728,remained.town,available,8.99,36.49,medium,low,8,namesilo,,,18/09/2026 11:23
ea141a69-120e-477e-b4c9-c3d483b7ee01,serie.town,available,8.5,,medium,low,5,unstoppable,,,28/09/2026 15:54
216b8fed-c750-4d92-910d-cb8410c6ce12,andean.town,available,6.98,47.48,high,low,6,namecheap,,,
7aac962f-dc7a-47a4-9ff0-ba01860adc61,samarkand.town,available,28.2,28.2,high,low,9,cloudflare,,,02/10/2026 06:19
8376b07c-042b-49da-aa2d-5d2aa2552e8f,aunty.town,available,9.99,48.99,high,low,5,name.com,,,21/09/2026 04:13
a798928c-255e-47dd-a28d-5c82002ab431,appeared.town,available,8.99,36.49,medium,low,8,namesilo,,,27/09/2026 10:53
113841c4-ba52-4e11-ab9f-1451f08b5fc7,attestant.town,available,8.99,36.49,medium,low,9,namesilo,,,21/09/2026 01:36
4163c892-37a1-4460-a92e-6e44e61aa00f,shareholder.town,available,28.2,28.2,high,low,11,cloudflare,,,30/09/2026 03:52
bbee5ade-ba19-42bd-bcab-1c2ff2271f71,songs.town,available,6.98,47.48,high,low,5,namecheap,,,25/09/2026 19:03
35c37bc8-cac2-4b0c-af73-4b0e2b934edb,sligo.town,premium,118.8,118.8,medium,low,5,namesilo,,,30/09/2026 04:53
d7670101-6d25-4b7c-ba10-7c5eb6d1753f,unspoilt.town,available,6.98,47.48,high,low,8,namecheap,,,12/09/2026 07:10
68630878-cbbd-4a5f-aaf6-86d758e0c318,bubbling.town,available,6.98,47.48,high,low,8,namecheap,,,11/08/2026 07:15
b55cad9a-d278-4af3-abfe-b459e2e0ed1c,slaves.town,available,8.99,36.49,low,low,6,namesilo,,,27/09/2026 23:05
c6d738eb-e74d-49bd-8ef2-93978752a64f,entrancing.town,available,6.98,47.48,medium,low,10,namecheap,,,09/08/2026 18:23
e275a2ae-d17b-4a0d-b01a-f093f610a9a2,needles.town,available,28.2,28.2,high,low,7,cloudflare,,,29/09/2026 08:51
c80799b6-18a9-4060-982e-434c47b0ca57,cursory.town,available,6.98,47.48,medium,low,7,namecheap,,,13/08/2026 11:41
80915656-87e0-4558-89c0-7594c3a9e693,interviewer.town,available,5.57,30.15,high,low,11,dynadot,,,30/09/2026 19:57
22e79165-5575-4192-b48b-cac1124e9d25,bethany.town,available,8.99,36.49,high,low,7,namesilo,,,28/09/2026 07:45
48c03ea0-5736-48d8-a090-d12862e5133a,prance.town,available,6.98,47.48,high,low,6,namecheap,,,11/09/2026 05:09
d508342b-a79b-4748-aa33-7874548a4f72,strictly.town,available,6.98,47.48,medium,low,8,namecheap,,,15/09/2026 22:03
56d25adc-a5d8-4c84-8d13-a478b8e87726,features.town,available,8.99,36.49,medium,low,8,namesilo,,,28/09/2026 12:52
84013724-e81c-4640-97cd-754573071c56,outboard.town,available,6.98,47.48,high,low,8,namecheap,,,04/09/2026 18:55
b0d00cc3-3022-41b3-83bf-2c0625e105b4,adhesion.town,available,8.99,36.49,high,low,8,namesilo,,,17/09/2026 07:59
dfcb47a5-fd39-4d23-bb50-c46498d59574,ige.town,available,8.5,,medium,low,3,unstoppable,,,01/10/2026 02:40
78d1a66d-f904-4e2d-972a-b6680b0e1a86,soaps.town,available,6.41,29.18,medium,low,5,spaceship,,,02/10/2026 23:00
236aa96b-78a4-4aa6-ae7b-a5ceb365a251,wain.town,available,8.99,36.49,medium,low,4,namesilo,,,23/09/2026 14:30
614654c8-85ef-4d35-acee-168e1bb925d5,bipedal.town,available,6.98,47.48,high,low,7,namecheap,,,10/08/2026 05:09
9983cae6-b133-4789-add2-fe28842306e2,gideon.town,available,6.41,29.18,high,low,6,spaceship,,,28/09/2026 16:03
c2536f6c-fd26-43b5-a8aa-2eee86d7391a,pry.town,premium,,,high,low,3,,,,02/10/2026 04:31
29bef767-a092-4356-ac26-25a41fd83645,horrific.town,available,6.98,47.48,medium,low,8,namecheap,,,14/08/2026 08:59
119a2fd9-45f4-4d9f-b279-71c1ceef6b76,diligently.town,available,6.98,47.48,medium,low,10,namecheap,,,14/09/2026 12:40
e538ee63-5eb3-4a92-b5aa-75eafeae4091,boyd.town,available,6.98,47.48,high,low,4,namecheap,,,25/09/2026 14:55
e3b1b088-21d9-43c8-81a2-11866a01b1e1,dividing.town,available,28.2,28.2,medium,low,8,cloudflare,,,29/09/2026 08:50
dc3163e5-6d06-4329-88ae-8280a5c426de,stuffed.town,available,6.98,47.48,high,low,7,namecheap,,,10/09/2026 23:02
216fc41d-0004-40b9-a49d-396a942ee3e0,blacktop.town,available,8.99,36.49,medium,low,8,namesilo,,,24/09/2026 03:24
2b39e5cb-5e57-46c1-898e-b50634bf44ec,longish.town,available,6.98,47.48,medium,low,7,namecheap,,,24/08/2026 09:40
816fc2c2-75b0-4343-88b4-24323fecb491,limbs.town,available,8.99,36.49,medium,low,5,namesilo,,,29/09/2026 04:58
efd64a15-d102-4f48-a110-8a276c9514b7,lolita.town,available,6.41,29.18,high,low,6,spaceship,,,02/10/2026 05:39
01a97631-25d8-4848-b952-4296df6d9d4f,auteur.town,available,8.99,36.49,high,low,6,namesilo,,,21/09/2026 05:06
188bd931-8010-47a9-bb74-3fbb1a4e47f7,toitoi.town,available,8.99,36.49,medium,low,6,namesilo,,,20/09/2026 12:23
6c3c19d9-b6a2-4c30-b9a2-49ea4b5b1201,tomorrows.town,available,6.98,47.48,medium,low,9,namecheap,,,21/09/2026 09:58
ca260620-6a86-482a-8734-4ed3e12a755f,invested.town,available,8.99,36.49,medium,low,8,namesilo,,,28/09/2026 13:01
b771d8fc-8872-4621-a1d4-b036ba0672f9,craving.town,available,5.57,30.15,high,low,7,dynadot,,,30/09/2026 01:09
a0943ff3-1310-4e1e-a18d-6c39d53580a6,aldrich.town,available,6.41,29.18,medium,low,7,spaceship,,,28/09/2026 04:14
fca3989a-65da-4ddb-ad5c-d00510b8899a,abundant.town,available,8.99,36.49,high,low,8,namesilo,,,21/09/2026 15:18
2751233b-9ef2-4ebb-8c14-ae07f282503f,scrambled.town,available,6.98,47.48,high,low,9,namecheap,,,09/09/2026 23:46
d8e7a051-b52f-43dc-a73c-869d28136c2b,meeter.town,available,6.98,47.48,medium,low,6,namecheap,,,21/09/2026 01:27
f3748667-80aa-4301-8198-fa5db353031f,profiling.town,available,6.41,29.18,high,low,9,spaceship,,,01/10/2026 21:21
29a1b32c-717f-4a1d-8a0c-ed77c5394798,amberjack.town,available,8.99,36.49,medium,low,9,namesilo,,,18/09/2026 16:35
a47cc2d2-a117-4f50-b61a-83942d61c415,identifying.town,available,8.99,36.49,high,low,11,namesilo,,,29/09/2026 08:55
e13a9cdf-4933-42a3-867e-b55216df8786,rita.town,available,6.98,47.48,high,low,4,namecheap,,,25/09/2026 19:01
235c6388-d8be-4819-93ba-d85bacf4169a,jolson.town,available,8.99,36.49,medium,low,6,namesilo,,,18/09/2026 01:21
afa701e7-aa95-4641-80a9-fb7d8140ee71,pans.town,available,8.99,36.49,medium,low,4,namesilo,,,18/09/2026 08:22
2aa005dd-8b4a-41fe-b684-02da3ccf3036,chandler.town,premium,85.8,85.8,high,low,8,namecheap,,,30/09/2026 01:02
7b14c718-1533-4f48-8e12-d7a3c3994d8f,monogenic.town,available,6.98,47.48,medium,low,9,namecheap,,,25/08/2026 05:13
a19db8be-483e-4010-9240-51b37143f3df,captain.town,available,8.99,36.49,high,low,7,namesilo,,,29/09/2026 07:28
7edc4c5f-729a-4d0e-aeb4-944d77dee1e7,assignments.town,available,6.98,47.48,medium,low,11,namecheap,,,28/09/2026 18:20
639524ae-4dab-4095-85d2-f88c3241f429,dysphoric.town,available,6.98,47.48,medium,low,9,namecheap,,,14/08/2026 22:07
df2e51a0-492e-4922-b47a-5f7c376cdf7c,mbd.town,available,8.99,36.49,medium,low,3,namesilo,,,17/09/2026 06:35
52410dd9-db09-45b1-93f3-6047f5142aab,explained.town,available,8.99,36.49,medium,low,9,namesilo,,,17/09/2026 15:48
321e0855-fda0-43fe-98fe-3ac947990d64,abscessed.town,available,6.98,47.48,medium,low,9,namecheap,,,
8a7ca591-2d19-4190-b54d-a06761ca2fd5,buckle.town,available,8.5,,medium,low,6,unstoppable,,,28/09/2026 18:30
012086ba-1a27-4295-8b10-17477b4eb0b0,necessary.town,available,8.99,36.49,high,low,9,namesilo,,,24/09/2026 15:21
bb11cce2-76c7-4eac-b08c-55e608bc07c4,unco.town,available,6.98,47.48,medium,low,4,namecheap,,,15/09/2026 23:08
b1686ddf-8025-4e88-b7ee-efbd03370123,independently.town,available,8.99,36.49,medium,low,13,namesilo,,,29/09/2026 14:31
5f492faa-e85e-41e5-bc73-73a0725cfd1a,gall.town,available,6.98,47.48,medium,low,4,namecheap,,,23/09/2026 15:42
40c3fcca-cb41-443c-8ebb-be7db279a224,plastic.town,available,6.98,47.48,high,low,7,namecheap,,,25/09/2026 21:21
e29e0a87-f59f-4829-a92c-ba25a5207749,viciously.town,available,6.98,47.48,medium,low,9,namecheap,,,14/09/2026 01:35
ed231393-aa29-4c14-a97d-311239bb7fb9,beagle.town,available,6.98,47.48,high,low,6,namecheap,,,22/09/2026 19:37
4e42d1a4-d706-4f05-88c9-0790abc57cf1,disadvantaged.town,available,8.5,,medium,low,13,unstoppable,,,01/10/2026 06:23
efe98d9c-203e-4208-a38a-3b84033bc442,zanesville.town,available,5.57,30.15,high,low,10,dynadot,,,02/10/2026 10:06
43dfefe3-640b-4187-be25-10536d5ccd35,shave.town,available,6.98,47.48,high,low,5,namecheap,,,08/09/2026 20:41
1542e44f-06af-4dcb-af29-98c9ec7b530a,superhuman.town,available,6.98,47.48,high,low,10,namecheap,,,11/09/2026 02:16
f522f2b0-a0da-48ed-868e-4cddf35bbd01,burlesque.town,available,6.98,47.48,high,low,9,namecheap,,,11/08/2026 10:40
69e0174d-0b01-4c53-8445-367c522df7ee,gasoline.town,available,8.99,36.49,high,low,8,namesilo,,,27/09/2026 13:38
55ee5a8c-46c6-41c7-8d50-fc4e374a8c2c,manageable.town,available,28.2,28.2,high,low,10,cloudflare,,,01/10/2026 13:54
65918c6f-9f8c-4c0f-b1d8-3434b2bea3a8,politely.town,available,8.5,,medium,low,8,unstoppable,,,28/09/2026 14:24
7c5d52b6-3da5-44e0-9b72-99c220b721ae,defended.town,available,8.5,,low,low,8,unstoppable,,,29/09/2026 05:23
3b341748-e7cf-435b-951d-018728f31e11,takes.town,available,9.99,,medium,low,5,name.com,,,
27a15728-c7da-4da4-8ed0-43f8f2f6425e,thoughtful.town,available,6.98,47.48,high,low,10,namecheap,,,21/08/2026 05:59
98b4857c-34e7-447d-bafc-f060112f839f,expendable.town,available,6.98,47.48,high,low,10,namecheap,,,17/08/2026 18:08
0100ed54-ddbf-4d70-93dd-9204b165c5ce,carpus.town,available,6.98,47.48,medium,low,6,namecheap,,,20/09/2026 11:32
4cea1733-3977-479d-b68b-20a50fe0d842,bjs.town,available,8.99,36.49,medium,low,3,namesilo,,,23/09/2026 23:25
015cd111-c4b4-40cf-b72e-2994b41c9a4a,unexplained.town,available,6.41,29.18,high,low,11,spaceship,,,29/09/2026 23:36
6b8726b1-c315-48b5-a766-03e998dd9877,wyoming.town,premium,260,260,high,low,7,namecheap,,,29/09/2026 06:48
75c5dfa7-5d71-4bde-b8e6-e0096cabb8b6,nmda.town,available,28.2,28.2,high,low,4,cloudflare,,,02/10/2026 12:45
d9cbacaa-cb04-4e7d-9f6a-ef3767936c30,institutional.town,available,6.41,29.18,high,low,13,spaceship,,,01/10/2026 06:16
a1ef7cd0-8ff1-4ca3-b715-8c781a70627c,dupe.town,available,6.98,47.48,high,low,4,namecheap,,,12/08/2026 15:10
4944527e-a2f5-499e-8311-0def71df46d9,evaporate.town,available,6.41,29.18,high,low,9,spaceship,,,30/09/2026 19:17
321ff7ff-c9dc-4adc-beaa-46d42d959612,pretence.town,available,8.99,36.49,medium,low,8,namesilo,,,25/09/2026 16:31
de10f837-918b-460c-9965-90f99f77f951,comte.town,available,6.98,47.48,high,low,5,namecheap,,,21/09/2026 03:56
8fd7f1b1-db48-41b9-94d0-a56d0e05cf47,buren.town,available,28.2,28.2,medium,low,5,cloudflare,,,27/09/2026 20:26
438cd64f-8ef6-46db-b148-ceba68e17a0d,prevention.town,available,6.98,47.48,high,low,10,namecheap,,,08/09/2026 14:09
0905a149-0dae-451f-a4cb-f84275356ca5,emmett.town,available,5.66,29.35,medium,low,6,porkbun,,,28/09/2026 08:01
cc1ba2ba-8b1a-4a87-86a8-8b1909a0dc89,promethium.town,available,8.99,36.49,medium,low,10,namesilo,,,20/09/2026 23:23
89462707-6ee9-4c06-ae74-c31ccf03e172,york.town,premium,207.2,207.2,high,low,4,spaceship,,,29/09/2026 23:04
5c2bf3e8-3daa-4cfa-9699-9ec421b16f11,vineyards.town,available,8.5,,medium,low,9,unstoppable,,,01/10/2026 17:18
ca2892c3-39e6-4677-9df5-062a5e2cb146,lebanese.town,available,6.98,47.48,high,low,8,namecheap,,,22/08/2026 22:15
64758c5b-07c3-4835-be3c-b73369ea4b87,buggery.town,available,8.99,36.49,medium,low,7,namesilo,,,19/09/2026 01:35
44d66a84-f6ae-4338-b145-4e0e757893c9,prehistoric.town,available,8.99,36.49,medium,low,11,namesilo,,,29/09/2026 03:08
3adad9e5-1460-487a-b117-6cf58a9756e3,momently.town,available,6.98,47.48,medium,low,8,namecheap,,,15/09/2026 15:21
be4033aa-3f13-45a1-ab9b-e09508f5ccbc,payable.town,available,6.98,47.48,high,low,7,namecheap,,,12/08/2026 16:58
3086c22f-9895-4aa6-bb16-17df9f8129cd,ourselves.town,available,8.99,36.49,medium,low,9,namesilo,,,27/09/2026 08:55
a3d82ad0-a920-46a9-813f-f68bd1d67b64,troubled.town,available,6.98,47.48,medium,low,8,namecheap,,,14/08/2026 12:23
e4e2750e-ae9b-49d0-ba67-f37d2ccb88ca,kennebec.town,available,8.99,36.49,high,low,8,namesilo,,,01/10/2026 07:23
92457b4a-51af-4dfe-8914-4ff1b2e85540,leo.town,premium,242,242,high,medium,3,namesilo,,,25/09/2026 08:56
4616a185-351c-4406-9874-8f50080b7e43,windmills.town,available,8.99,36.49,medium,low,9,namesilo,,,20/09/2026 13:55
fbdeadf1-ea34-4546-8c0d-8a819d50d670,kingston.town,resell,,,high,low,8,,,,29/09/2026 00:19
c0713c31-916d-4e51-aaef-3197f7f9f09e,deducible.town,available,6.98,47.48,medium,low,9,namecheap,,,13/08/2026 22:25
d7f18eee-4fd2-458a-8f5d-7d562f04db1a,merger.town,available,8.5,,high,low,6,unstoppable,,,28/09/2026 20:49
a2eaa116-6ca8-4123-89f6-39831cb487c9,rift.town,available,8.99,36.49,high,low,4,namesilo,,,30/09/2026 01:35
4768d8e2-cce9-45b5-a1a3-0456b7976a48,sporadic.town,available,6.98,47.48,medium,low,8,namecheap,,,10/09/2026 16:29
c542e87b-3e7a-4fc2-bcee-6279423b002f,suggestion.town,available,8.99,36.49,high,low,10,namesilo,,,25/09/2026 07:41
a2c203b2-6e32-43b8-b0c0-0541f0c6db23,aeriferous.town,available,6.98,47.48,medium,low,10,namecheap,,,
ed4a91a6-e745-4207-a825-46c2f75399af,langer.town,available,8.99,36.49,medium,low,6,namesilo,,,29/09/2026 02:56
ecdf5b49-5cce-4c8e-8074-63c81c13e1e1,measurement.town,available,28.2,28.2,high,low,11,cloudflare,,,01/10/2026 14:29
64c8bc6b-bcfd-4475-ba27-1532d4e759fb,deceit.town,available,5.57,30.15,medium,low,6,dynadot,,,30/09/2026 16:58
549dc38a-0bfe-42b6-b444-dc534b5efd6e,apodous.town,available,6.98,47.48,medium,low,7,namecheap,,,06/08/2026 01:21
f6268d00-38f4-4991-9dff-6f6f23e078a4,antagonist.town,available,8.99,36.49,high,low,10,namesilo,,,17/09/2026 10:48
524758e7-64a6-48d5-a600-a086c153f26e,whopping.town,available,6.98,47.48,medium,low,8,namecheap,,,08/08/2026 13:14
0610e1fe-9d38-49a1-8028-b946f364cef4,clubby.town,available,6.98,47.48,high,low,6,namecheap,,,12/08/2026 11:19
202bc01e-ec1c-43cd-9a56-fbf5602adc6d,acc.town,available,8.99,36.49,high,low,3,namesilo,,,16/09/2026 21:45
30f6a50f-67a7-45ae-8654-171ea53f50f7,assistance.town,available,8.99,36.49,high,low,10,namesilo,,,17/09/2026 20:44
d83fe23d-e17a-4ed1-b993-538ef46269d1,principle.town,available,6.98,47.48,high,low,9,namecheap,,,27/09/2026 15:26
dbf9b196-2959-4ebf-868e-e7b518b15aaa,avenger.town,available,6.98,47.48,high,low,7,namecheap,,,21/09/2026 08:56
5585e592-458f-4fae-a800-dde26827ad60,pegs.town,available,8.99,36.49,medium,low,4,namesilo,,,20/09/2026 09:49
d8a824f9-c575-4523-8f0f-72f4b71e5b5a,hangman.town,available,28.2,28.2,high,low,7,cloudflare,,,02/10/2026 05:10
4aedfde2-d231-403e-96a0-ae1c90efe30d,supremacy.town,available,6.41,29.18,high,low,9,spaceship,,,30/09/2026 11:08
4dde3e21-2a78-4058-bd11-48dddeaa7da1,plaques.town,available,8.99,36.49,low,low,7,namesilo,,,20/09/2026 08:19
a3361913-93e4-4488-8e06-75372367b807,heavenward.town,available,6.98,47.48,medium,low,10,namecheap,,,21/08/2026 02:31
f4df03a3-2394-40ac-9c66-296a00a8a5f6,undergoing.town,available,6.41,29.18,low,low,10,spaceship,,,29/09/2026 23:42
4a60fa44-e702-4b7e-89d0-5b9d6fad95a3,upcountry.town,available,6.98,47.48,medium,low,9,namecheap,,,24/08/2026 22:37
93f6b108-ddf5-4866-8adb-d1fe73da52cb,instead.town,available,28.2,28.2,medium,low,7,cloudflare,,,28/09/2026 12:08
1f5d398c-c934-4689-a6e8-009e886b8e2f,cruising.town,available,8.5,,high,low,8,unstoppable,,,29/09/2026 05:15
fdd57abe-860a-49dc-9827-991739853419,steerable.town,available,6.98,47.48,medium,low,9,namecheap,,,14/08/2026 09:00
0cfc9e3d-5bc7-4258-b131-ac7e002ca8f2,nearing.town,available,28.2,28.2,medium,low,7,cloudflare,,,01/10/2026 17:44
06952594-22b2-4282-9d1a-0e2986af89f7,exists.town,available,8.99,36.49,medium,low,6,namesilo,,,27/09/2026 02:40
d42cbf98-6be8-4dd5-bd6f-4fc482684b12,grump.town,available,6.98,47.48,medium,low,5,namecheap,,,13/08/2026 04:58
ca349f88-4035-464c-951c-901fab69cf3d,helps.town,available,6.98,47.48,high,low,5,namecheap,,,25/09/2026 21:19
44010914-e296-4f4e-9457-475b69e47c7f,school.town,premium,520,520,high,low,6,namecheap,,,30/09/2026 20:48
67a955bd-c7d1-422e-830f-28f742953529,flawed.town,available,6.98,47.48,medium,low,6,namecheap,,,18/08/2026 07:18
610a7973-c3a4-4546-a9c8-b5533d5b55c6,sumatra.town,available,28.2,28.2,high,low,7,cloudflare,,,02/10/2026 16:53
ba17d160-a9ab-4958-b672-feff8a03955c,rests.town,available,8.99,36.49,medium,low,5,namesilo,,,18/09/2026 07:14
a872aa4e-ebca-4156-8a5b-ad95a367a1ac,sensed.town,available,6.98,47.48,high,low,6,namecheap,,,08/09/2026 16:07
6470d5a5-7254-4915-a976-28edf519d1b6,frilled.town,available,6.98,47.48,medium,low,7,namecheap,,,18/08/2026 15:49
e7e40b5a-72b3-4d5f-966e-e92181291ef5,achaean.town,available,6.98,47.48,medium,low,7,namecheap,,,
577ed9a0-8fb0-4d13-9f09-55e026b35d76,wilbur.town,available,8.99,36.49,high,low,6,namesilo,,,27/09/2026 07:43
84b27cf3-df3f-47ec-91e4-e265ee5d7de6,aggregator.town,available,8.99,36.49,high,low,10,namesilo,,,17/09/2026 17:29
487ca28e-8c57-453e-aab1-b9572c330b49,polynomial.town,available,6.98,47.48,high,low,10,namecheap,,,03/09/2026 10:48
32136f37-c7de-47ab-acb9-3de3d35be551,danseuse.town,available,8.99,36.49,medium,low,8,namesilo,,,21/09/2026 22:50
001ee608-c6a7-4f7a-b353-a16b0e71618a,cuvier.town,available,6.98,47.48,high,low,6,namecheap,,,22/09/2026 07:06
67212573-3808-467f-ac5d-936858950ac2,easements.town,available,6.41,29.18,medium,low,9,spaceship,,,30/09/2026 15:56
ac25acc6-627d-4ecc-8f3b-e13732778a32,sneaky.town,available,6.98,47.48,high,low,6,namecheap,,,18/08/2026 18:58
82be3b06-650c-47fa-b9d6-c15acd0717a2,friesland.town,available,6.41,29.18,medium,low,9,spaceship,,,01/10/2026 19:39
cddd506e-fca5-4829-bc4a-f58103f440af,tabby.town,available,6.98,47.48,high,low,5,namecheap,,,23/09/2026 09:31
f0187738-9b96-4d74-b6cc-52c65b01f040,menominee.town,available,8.99,36.49,high,low,9,namesilo,,,30/09/2026 10:33
a7646434-0795-40c0-b630-99e8b1c71bb8,crumpled.town,available,6.98,47.48,medium,low,8,namecheap,,,13/08/2026 09:06
14815264-9a0e-4a76-ab19-fd9305c39066,finest.town,available,8.99,36.49,high,low,6,namesilo,,,25/09/2026 18:42
0017f955-9036-40f0-9493-79ea051c484b,eolic.town,available,8.99,36.49,low,low,5,namesilo,,,17/09/2026 12:36
a4afd03b-4765-4243-9bc7-0076d08db72d,opposite.town,available,8.99,36.49,high,low,8,namesilo,,,23/09/2026 22:35
ad76a678-7c0f-4515-867b-0ec193db7c9e,reachable.town,available,6.98,47.48,high,low,9,namecheap,,,09/09/2026 10:55
fed063e0-7796-4b26-aa7b-3d28d41d5d6a,vaunt.town,available,6.98,47.48,medium,low,5,namecheap,,,11/08/2026 01:09
71add2bc-0e7a-45eb-a920-2e9a52b103c0,mendocino.town,available,6.41,29.18,medium,low,9,spaceship,,,29/09/2026 22:47
50f9c6b5-d7b9-4d0d-bf63-7d6fe1a8455f,vitreous.town,available,6.98,47.48,medium,low,8,namecheap,,,13/09/2026 06:18
5e9f0dd5-c0aa-4309-ba80-8f7e8a4fe3d2,was.town,premium,118.8,118.8,medium,low,3,namesilo,,,02/10/2026 15:24
1443a15e-49b7-486d-9514-2386c9339156,habitation.town,available,6.41,29.18,high,low,10,spaceship,,,02/10/2026 14:54
e148374e-b924-46af-98d7-62f64399c0b5,shop.town,resell,,,high,medium,4,Dynadot Inc,31/12/2023 15:15,31/12/2026 15:15,26/09/2026 09:00
d62ba066-4f53-4664-9c87-099de245fc9d,scapular.town,available,6.98,47.48,medium,low,8,namecheap,,,09/09/2026 22:51
2ff5c66e-c858-4895-a2bf-36d8634aac34,celibate.town,available,6.98,47.48,high,low,8,namecheap,,,11/08/2026 23:25
4400db73-51c3-4a40-9201-ae60ba21abb2,pathogen.town,available,6.41,29.18,high,low,8,spaceship,,,02/10/2026 06:01
3fd4fafc-443c-42b2-b0f5-c65b5cde13d8,turbinate.town,available,6.98,47.48,medium,low,9,namecheap,,,12/08/2026 16:20
80d9e46f-56e2-4a1b-a74b-1fbdf660caef,tyrant.town,available,8.99,36.49,high,low,6,namesilo,,,21/09/2026 06:08
9c9ee657-9c16-42b4-a43f-8b4903b204e8,pubic.town,available,6.98,47.48,medium,low,5,namecheap,,,09/09/2026 05:20
974ae43e-4fad-4953-9174-3a5d5a6b23fe,wiggly.town,available,6.98,47.48,medium,low,6,namecheap,,,10/09/2026 08:40
1e265976-55f5-47ab-af9a-0760ec4aacd7,disarmer.town,available,6.98,47.48,medium,low,8,namecheap,,,04/09/2026 22:39
22fc47c1-4d7f-409a-b305-a66d285a1f87,mustapha.town,available,6.41,29.18,high,low,8,spaceship,,,03/10/2026 05:20
67a82db8-48ce-465f-89b1-b53e2c5a1dc1,goofproof.town,available,6.98,47.48,medium,low,9,namecheap,,,18/08/2026 10:41
92617e64-b3f7-4ff6-9979-cba34258ed57,changeable.town,available,6.98,47.48,medium,low,10,namecheap,,,12/08/2026 01:51
941f1d8c-2887-46ef-9e5f-67cccda2db7b,nazareth.town,available,28.2,28.2,high,low,8,cloudflare,,,01/10/2026 03:03
d07cd248-ec50-4779-a32e-99fc9454473b,abeyance.town,available,8.99,36.49,medium,low,8,namesilo,,,16/09/2026 15:20
62f46dd7-3fa7-478d-830c-8796e8ee82c2,clerical.town,available,6.98,47.48,high,low,8,namecheap,,,12/08/2026 10:48
b49e8acb-2314-4809-8fad-855e02dd732f,meteoric.town,available,6.98,47.48,high,low,8,namecheap,,,24/08/2026 21:53
ec0466e7-41e0-4460-b480-2bc790748e15,paradigm.town,available,8.99,36.49,high,low,8,namesilo,,,02/10/2026 15:00
2bac78f9-fcd2-4523-be4e-b0672d839f57,mesonic.town,available,6.98,47.48,medium,low,7,namecheap,,,24/08/2026 21:09
2600f2bd-d53d-45a3-b232-da8bf7fcd95a,timeline.town,available,8.99,36.49,high,low,8,namesilo,,,27/09/2026 05:39
f568834c-2487-4b03-9fc0-7d11f025296b,splendor.town,available,6.41,29.18,high,low,8,spaceship,,,30/09/2026 08:50
bda53d5b-40c7-479f-995b-8e8dfed6da9a,virtuous.town,available,6.98,47.48,high,low,8,namecheap,,,13/09/2026 06:06
d15040d5-03eb-4018-b28e-a83a03059946,amory.town,available,8.99,36.49,medium,low,5,namesilo,,,02/10/2026 00:25
23c25dfd-4604-4897-b7ef-0dc6afce3a54,instore.town,available,9.99,,high,low,8,name.com,,,
6caccbf4-cb1f-4e63-a00e-95f60d7d1c8e,norden.town,available,8.99,36.49,high,low,6,namesilo,,,02/10/2026 07:06
8277866e-5329-4e74-851f-11faa0f2c89a,asparagine.town,available,8.99,36.49,medium,low,10,namesilo,,,20/09/2026 14:39
2d9e7c65-415b-4556-a225-ecbe63bf28fa,openness.town,available,6.98,47.48,high,low,8,namecheap,,,03/10/2026 01:43
e7f19fc6-7e03-4309-8a24-f99772c4c106,prospective.town,available,8.99,36.49,high,low,11,namesilo,,,30/09/2026 03:37
ab7cea9d-4d87-41ab-a109-fb4a7c2b87c3,kabul.town,premium,,,high,low,5,,,,27/09/2026 12:08
5f33e417-1619-4c0d-af91-cfaffdaf2a07,obnubilate.town,available,6.98,47.48,medium,low,10,namecheap,,,03/09/2026 23:55
43de027c-4ed7-4520-9050-f193897e75c1,nazis.town,available,6.41,29.18,low,low,5,spaceship,,,28/09/2026 09:00
357fa7b1-da9f-4ff6-b3c3-4f8a145d7e4c,henceforth.town,available,6.98,47.48,medium,low,10,namecheap,,,15/09/2026 00:15
bc77873b-c331-4476-8985-006f94b26c03,exhibits.town,available,6.41,29.18,medium,low,8,spaceship,,,30/09/2026 00:23
4945ec71-0ed7-4819-b850-ca3d99dcd840,flows.town,available,28.2,28.2,medium,low,5,cloudflare,,,28/09/2026 22:43
6473bf68-666c-4f36-a371-6075fe89379b,boffo.town,available,6.98,47.48,high,low,5,namecheap,,,10/08/2026 16:57
27a5118c-a678-42ae-a3f9-833e09eb342a,unsatisfied.town,available,28.2,28.2,medium,low,11,cloudflare,,,02/10/2026 18:08
9d9a0a65-c590-4958-9595-7799f62a60e9,affixal.town,available,6.98,47.48,medium,low,7,namecheap,,,
cf2555fa-24e9-4faf-8996-e3997c72767d,perth.town,premium,242,242,high,low,5,namesilo,,,26/09/2026 00:00
fe136239-590b-47e5-9e3a-fb85e79f0193,pesky.town,available,6.98,47.48,medium,low,5,namecheap,,,
3d54d88b-a58b-4917-b09c-fbfb80ee3e7c,canteen.town,available,8.99,36.49,high,low,7,namesilo,,,24/09/2026 12:09
54aeff12-5d85-4401-a29e-60e18401bbf3,racetrack.town,available,6.41,29.18,high,low,10,spaceship,,,30/09/2026 18:25
c4f10040-fe69-48eb-8cd2-ef3408dbdba3,benzine.town,available,6.98,47.48,medium,low,7,namecheap,,,23/09/2026 08:53
6e705bca-4994-461c-8fe3-ea05475a29fb,frisco.town,premium,78.54,78.54,high,low,6,namesilo,,,03/10/2026 04:51
6580d74c-8619-4738-81c5-668c9eb45306,lacy.town,available,6.98,47.48,medium,low,4,namecheap,,,22/08/2026 17:47
0ef1db4d-dd56-4a09-82fa-cca234b7c5e4,township.town,available,6.98,47.48,high,low,8,namecheap,,,30/09/2026 19:01
0dd03225-9988-4bd1-a8c8-729d966149db,brantley.town,available,6.98,47.48,medium,low,8,namecheap,,,02/10/2026 20:34
94fcdcb3-f2a9-4a4b-9266-61b53382862b,ram.town,premium,78.54,78.54,high,low,3,namesilo,,,20/09/2026 05:25
0b65d9b2-c833-466d-8c48-da162ccd3f33,rails.town,available,6.41,29.18,high,low,5,spaceship,,,30/09/2026 02:39
c9fda898-454f-4958-b46f-9e08ccaf4914,chillicothe.town,available,8.99,36.49,high,low,11,namesilo,,,01/10/2026 12:11
34641a47-505c-4cc9-b6ed-e876e34b5c21,mitterrand.town,available,8.5,,high,low,10,unstoppable,,,02/10/2026 04:57
2447d90e-1e33-49cb-907b-286311fe2ed6,ilxxx.town,available,6.98,47.48,medium,low,5,namecheap,,,
6ffeda79-2da7-466e-9e60-0c170833f917,australasia.town,available,8.99,36.49,medium,low,11,namesilo,,,28/09/2026 21:52
74adf756-a790-420d-ab1a-1301c5ea374d,overs.town,available,8.99,36.49,medium,low,5,namesilo,,,20/09/2026 10:07
ff8e3475-ddd2-4daf-86d3-9fa6a7f5e13c,amaranth.town,available,8.99,36.49,high,low,8,namesilo,,,18/09/2026 15:50
6396e3d0-40a6-436f-8869-bb21a6ac3341,heist.town,available,6.98,47.48,medium,low,5,namecheap,,,20/09/2026 06:36
d1f708fe-5d3b-497a-b04e-c30cf54af9ef,blessedly.town,available,6.98,47.48,medium,low,9,namecheap,,,14/09/2026 00:19
aa90b23f-5ea2-48ae-a8d0-b196a6cdf789,apoplexy.town,available,6.98,47.48,medium,low,8,namecheap,,,19/09/2026 19:09
2dffeb71-a015-46e2-8855-c586ab3e1331,beggar.town,available,8.99,36.49,high,low,6,namesilo,,,23/09/2026 02:08
9cd44258-b9cf-4b30-973b-ebfc39e9b350,birr.town,available,6.98,47.48,medium,low,4,namecheap,,,13/09/2026 11:33
903e24b3-ff2a-4dfe-924d-aeb7ebfb1bc0,existent.town,available,6.98,47.48,medium,low,8,namecheap,,,
6f51010c-e6e1-434f-a794-b9d2d54f38ad,susie.town,available,8.99,36.49,medium,low,5,namesilo,,,28/09/2026 16:25
bc7f9b63-263a-4aa5-81b3-16968ee3fb64,briary.town,available,6.98,47.48,medium,low,6,namecheap,,,08/08/2026 17:02
7e51bc5c-2a80-467e-973c-a8d1e0f6a0e3,exterminate.town,available,8.5,,medium,low,11,unstoppable,,,02/10/2026 17:36
a8dd6856-2fe9-45d7-9efe-595e908cce9b,dollars.town,available,8.99,36.49,high,low,7,namesilo,,,17/09/2026 07:00
488554e9-b826-4eee-9da9-cf91f0e63d80,impartial.town,available,6.98,47.48,high,low,9,namecheap,,,21/08/2026 21:45
ae4f4f7e-bfb3-4858-b834-0e87e85b58a8,decorator.town,available,6.98,47.48,high,low,9,namecheap,,,01/10/2026 01:42
b77b6ec6-8bfe-44cb-867c-ca3e95d6219a,babe.town,available,8.99,36.49,high,low,4,namesilo,,,29/09/2026 00:05
57d98d23-cb42-4d80-ad9a-042168e6ddca,barleycorn.town,available,8.99,36.49,medium,low,10,namesilo,,,22/09/2026 06:31
486075cc-ff77-4a29-b0c6-940e8e4c7729,pungent.town,available,6.98,47.48,medium,low,7,namecheap,,,
d57c3bf1-7453-4762-9173-819a894a5cd9,goddam.town,available,6.98,47.48,medium,low,6,namecheap,,,10/08/2026 12:44
0d488f52-0862-4ae9-8660-724df7542789,quibble.town,available,6.98,47.48,high,low,7,namecheap,,,23/09/2026 13:17
8828fe60-510f-4b8a-bf8d-f044e1c9591c,weiss.town,available,6.98,47.48,high,low,5,namecheap,,,25/09/2026 15:49
e0564746-687c-445b-ba41-090983c6e078,orchis.town,available,8.99,36.49,medium,low,6,namesilo,,,21/09/2026 23:07
593e712b-fb80-413f-80cc-d23cf9b15469,nests.town,available,5.66,29.35,medium,low,5,porkbun,,,02/10/2026 02:53
7d1782f9-ad24-4ae8-a750-e0c0d37436ce,browns.town,premium,118.8,118.8,medium,low,6,namesilo,,,30/09/2026 00:26
41d39347-6e5b-403f-add2-7c50305a6e3b,pain.town,available,6.41,29.18,high,low,4,spaceship,,,29/09/2026 23:26
eb35ccc8-aeea-42c0-9e67-aebb00ce6ecf,confirms.town,available,8.99,36.49,low,low,8,namesilo,,,29/09/2026 05:49
905bd7d5-2b1a-4714-8182-68589fa3bc2d,rounder.town,available,6.98,47.48,medium,low,7,namecheap,,,23/08/2026 00:51
50d50185-d66b-4957-97a8-57fa8851db07,flaxseed.town,available,8.99,36.49,high,low,9,namesilo,,,16/09/2026 10:28
4c437930-0237-4ac8-ac1f-4ce333f08a77,satan.town,available,5.66,29.35,high,low,5,porkbun,,,29/09/2026 01:53
cc5a47f4-9b80-483b-80c5-04e17c40d414,ppb.town,available,28.2,28.2,medium,low,3,cloudflare,,,02/10/2026 17:48
e056c9df-33be-4c71-94d8-0d6884e15776,encouraged.town,available,8.99,36.49,high,low,10,namesilo,,,23/09/2026 10:08
f777c55f-61ca-4803-aefb-dc92efc2ec5b,warmly.town,available,6.98,47.48,high,low,6,namecheap,,,13/09/2026 08:17
34145e25-2a6c-4f7e-853e-585231b98453,part.town,available,6.98,47.48,high,low,4,namecheap,,,15/09/2026 19:03
a3c4062e-b4d8-4899-8971-2d7c13db33bf,reed.town,available,6.98,47.48,high,low,4,namecheap,,,22/09/2026 21:42
a0ba064f-747a-4f71-9e30-fc820e516012,jimi.town,available,6.41,29.18,medium,low,4,spaceship,,,30/09/2026 05:10
5f97bfb7-334d-4608-b89d-fe80709b4b7c,aorist.town,available,8.99,36.49,medium,low,6,namesilo,,,19/09/2026 16:03
e31bcfc7-9f27-4ad4-9c0f-e8726dc33b59,piston.town,available,28.2,28.2,high,low,6,cloudflare,,,30/09/2026 06:45
ff45ad82-de04-4526-8bab-fd709a600107,gibbs.town,available,8.99,36.49,high,low,5,namesilo,,,25/09/2026 06:33
16b5fab0-dde3-4426-88a0-9acb1e6e5061,orgasm.town,available,8.99,36.49,high,low,6,namesilo,,,29/09/2026 13:36
1df5de62-2556-435a-b325-5627a83257d1,dessert.town,available,8.99,36.49,high,low,7,namesilo,,,01/10/2026 21:42
112d387e-3b60-4b97-8f6f-b22171e6aba1,noticeable.town,available,8.99,36.49,high,low,10,namesilo,,,24/09/2026 07:23
d62943cc-7600-4cf8-ba4f-789f0b573216,embassador.town,available,8.99,36.49,high,low,10,namesilo,,,18/09/2026 16:29
f08b7f7c-ed11-427f-89b6-ba4641e30f53,nontaxable.town,available,6.98,47.48,medium,low,10,namecheap,,,03/09/2026 20:54
4ef93089-87b1-443c-99af-f201cfc820d0,society.town,available,6.41,29.18,high,low,7,spaceship,,,29/09/2026 01:43
27df2613-2268-43bd-96c4-b95410d51d4f,carlisle.town,premium,118.8,118.8,high,low,8,namesilo,,,25/09/2026 14:54
1cc662e7-6ebf-4ac7-a1f3-00fbf515fbd9,logistic.town,available,6.98,47.48,high,low,8,namecheap,,,24/08/2026 08:52
1d58cd03-1143-49e4-b46d-13725ac5c32d,lisbon.town,premium,207.2,207.2,high,low,6,spaceship,,,29/09/2026 06:46
a171f046-610c-4032-87af-7bae215e8614,shanghai.town,premium,,,high,low,8,,,,29/09/2026 08:03
c826c4c8-90c0-42f8-b23a-453dd03749ef,endeavor.town,available,8.99,36.49,high,low,8,namesilo,,,21/09/2026 01:15
c9f5fb9a-447f-4ccf-906b-d333ed8179d8,whacking.town,available,6.98,47.48,medium,low,8,namecheap,,,13/09/2026 11:09
4a326843-4282-467f-a953-cea48f37bb42,atkins.town,available,8.99,36.49,high,low,6,namesilo,,,25/09/2026 17:28
98642bcd-dd94-4974-9f58-67eecba6c19b,msc.town,premium,85.8,85.8,high,low,3,namecheap,,,27/09/2026 04:42
17b09929-40ce-4875-9947-55d171581f8c,marshals.town,available,5.66,29.35,high,low,8,porkbun,,,30/09/2026 18:01
ad3b6dcc-eb76-4863-8e4e-77784f8de149,intimal.town,available,6.98,47.48,medium,low,7,namecheap,,,22/08/2026 08:28
093f9235-8ac7-4b51-9f0f-4e750c165e57,wulfila.town,available,6.98,47.48,medium,low,7,namecheap,,,23/09/2026 21:57
0473aad2-2b53-438d-a922-2a0a3e68f196,choctaw.town,available,8.5,,high,low,7,unstoppable,,,02/10/2026 23:54
926e5470-8b2d-4f80-98ba-419c42c748d0,irreversible.town,available,8.5,,medium,low,12,unstoppable,,,01/10/2026 14:30
66815c23-d954-4a59-8f1c-78e898f40b11,skewed.town,available,6.98,47.48,medium,low,6,namecheap,,,10/09/2026 09:28
cd977c5e-5f8f-432f-a3a0-d4555c52bdcb,beira.town,available,8.99,36.49,medium,low,5,namesilo,,,23/09/2026 04:20
68ee5e8a-2dfc-4a6e-9b80-17cea0bef625,inexperienced.town,available,6.41,29.18,medium,low,13,spaceship,,,30/09/2026 11:41
82dc0700-0032-4c23-b312-e400cbb83992,ayah.town,available,6.98,47.48,high,low,4,namecheap,,,21/09/2026 10:32
02dd23c0-c9ad-43b5-90d0-1d61a2af4995,recklessly.town,available,6.98,47.48,medium,low,10,namecheap,,,15/09/2026 22:49
aaedaa01-20e0-41f4-82b9-69e6e1ecb83a,custer.town,available,8.99,36.49,medium,low,6,namesilo,,,28/09/2026 01:44
49d0d0ba-db1d-4b50-a13e-e16c872933a9,favour.town,available,8.99,36.49,high,low,6,namesilo,,,25/09/2026 05:51
9d300c1e-71c6-4b53-b2fa-1b5bb7ce63c2,gwynn.town,available,8.5,,medium,low,5,unstoppable,,,03/10/2026 00:36
0e0ab697-1828-4f59-81f7-486b00c692b2,stettin.town,available,6.41,29.18,medium,low,7,spaceship,,,02/10/2026 20:03
27721b56-f149-436e-b0e2-2d20d62c5fac,deteriorating.town,available,6.41,29.18,medium,low,13,spaceship,,,29/09/2026 20:55
de6862f3-7f1f-4b15-b6de-b98a198d374d,uptight.town,available,6.98,47.48,medium,low,7,namecheap,,,15/08/2026 09:30
65bef3be-acd3-458e-bb6d-5f6cb7a33c44,biaxial.town,available,6.98,47.48,medium,low,7,namecheap,,,09/08/2026 18:44
32ffa6ad-19fd-4935-afc5-815ea5950be0,predicted.town,available,8.99,36.49,medium,low,9,namesilo,,,28/09/2026 23:02
216f7c1c-8c36-40a5-af75-0c308a4254ce,noose.town,available,6.41,29.18,medium,low,5,spaceship,,,03/10/2026 01:41
ac24548d-8a9f-44d2-b02d-4786d640e661,direct.town,premium,242,242,high,medium,6,namesilo,,,24/09/2026 10:39
369a03ae-bd77-4e7e-b236-1c6bbe54d96c,catastrophic.town,available,8.99,36.49,medium,low,12,namesilo,,,29/09/2026 03:09
93091ed0-63e8-46bd-a105-398b791b3314,columbus.town,premium,260,260,high,low,8,namecheap,,,28/09/2026 05:23
6d91c5cd-3349-4f98-bd85-ec9e974799ff,keychains.town,available,8.99,36.49,medium,low,9,namesilo,,,21/09/2026 02:44
a8ea30ab-9fef-4141-a853-7077893fd346,suspended.town,available,6.98,47.48,medium,low,9,namecheap,,,11/09/2026 04:55
955d0009-de41-40ba-9c5d-fcad30d44af6,mcgovern.town,available,6.41,29.18,medium,low,8,spaceship,,,28/09/2026 08:53
0d9e84e3-09cf-447c-803e-7830951dcffb,texted.town,available,6.98,47.48,medium,low,6,namecheap,,,20/09/2026 17:16
cdd48f5c-a8f5-4418-9f75-64ad42e82abc,chains.town,available,8.99,36.49,high,low,6,namesilo,,,27/09/2026 12:26
6dc1488c-27e7-427c-a4dc-dd9b3da7eb04,bambusa.town,available,8.99,36.49,medium,low,7,namesilo,,,22/09/2026 00:41
693bfa31-2206-4a84-8142-4e141b7be5d6,gruff.town,available,6.98,47.48,high,low,5,namecheap,,,13/08/2026 11:25
ab92929f-7c65-4311-b47d-fd4c12fb8aa6,aquaplane.town,available,8.99,36.49,medium,low,9,namesilo,,,19/09/2026 22:59
9aea4db9-d969-42fe-8589-da44c3be2110,sprouted.town,available,6.98,47.48,medium,low,8,namecheap,,,10/09/2026 16:55
08341079-2285-4c0e-9c82-aec0561770eb,prick.town,available,6.98,47.48,medium,low,5,namecheap,,,08/08/2026 23:38
4ab7c546-42ba-410b-a39c-5f4a78f87981,skinless.town,available,6.98,47.48,medium,low,8,namecheap,,,10/09/2026 09:42
526c444f-e974-4ee0-86eb-70b306477c28,jog.town,premium,,,high,low,3,,,,30/09/2026 17:44
b9fd95bf-24c5-43f5-90bd-89017c1f860d,pma.town,available,5.66,29.35,high,low,3,porkbun,,,01/10/2026 23:33
4945b9b1-2c2f-47bd-8a5f-018a9169498b,helpful.town,available,6.98,47.48,high,low,7,namecheap,,,21/08/2026 06:37
a57309cb-fda2-49db-9d7d-93179bcd58f3,indoors.town,available,6.98,47.48,high,low,7,namecheap,,,22/08/2026 07:03
92c35fdd-895f-48e9-b97b-da1f977a4643,nominee.town,available,28.2,28.2,high,low,7,cloudflare,,,29/09/2026 06:17
e35ce3a1-ce73-4697-9c21-318d8ed99b8f,quarterly.town,available,6.98,47.48,high,low,9,namecheap,,,09/09/2026 07:37
3d88e1ed-7dae-415a-a076-d37d5195e7fc,rouse.town,available,6.98,47.48,high,low,5,namecheap,,,03/10/2026 02:26
b2a0c3a2-2c50-49c9-938b-2c9aac8fe0f3,hyman.town,available,8.99,36.49,medium,low,5,namesilo,,,28/09/2026 16:48
46139005-69bc-49e1-90ca-55e575b0281a,inbuilt.town,available,6.98,47.48,high,low,7,namecheap,,,11/08/2026 08:08
1d9de517-d10d-4429-b0d3-511fe9d0bada,bases.town,available,6.98,47.48,medium,low,5,namecheap,,,17/09/2026 21:42
b2cac397-94e3-4abc-bc09-d6d490dc97d9,shorten.town,available,6.98,47.48,high,low,7,namecheap,,,30/09/2026 19:09
59089427-6c3f-43fc-89e9-c02b40c02289,volcanoes.town,available,6.41,29.18,medium,low,9,spaceship,,,30/09/2026 15:37
cb53fd2a-43e5-4d95-bc7b-aadab2cb8620,acarid.town,available,6.98,47.48,medium,low,6,namecheap,,,16/09/2026 21:26
656b966e-a115-4e33-b681-01554743aa45,cheesecakes.town,available,6.98,47.48,medium,low,11,namecheap,,,08/09/2026 07:37
bde63574-de2f-454e-9923-dd7dacf88e13,shirts.town,available,8.99,36.49,medium,low,6,namesilo,,,27/09/2026 11:13
42edc5bd-911b-469f-9ec9-6399db9601f1,cements.town,available,8.99,36.49,medium,low,7,namesilo,,,20/09/2026 09:07
08eff1b4-04bb-4e42-b072-e3a5026f66e6,austrian.town,available,8.99,36.49,high,low,8,namesilo,,,22/09/2026 13:38
33d83ee6-4a3a-4b3c-983c-c542f4186781,eda.town,available,6.41,29.18,high,low,3,spaceship,,,30/09/2026 05:14
7cdd20df-f463-49cb-b40d-aff2c2860fba,collaboration.town,available,8.99,36.49,high,low,13,namesilo,,,29/09/2026 10:30
82f04f6e-659d-4363-8a84-10da4ec3ee87,chelmsford.town,premium,,,high,low,10,,,,29/09/2026 15:25
7ad31a02-e92b-4357-98c3-e83907325721,homespun.town,available,6.98,47.48,high,low,8,namecheap,,,13/08/2026 04:23
89559300-cabb-45b8-a14b-a2a4513537fb,attainment.town,available,8.99,36.49,high,low,10,namesilo,,,17/09/2026 02:38
8cb60522-24a0-4497-9844-d8fb2b65e57a,assail.town,available,8.99,36.49,medium,low,6,namesilo,,,20/09/2026 15:49
994177b6-f5cc-4533-9a0b-35c4e84d9ac4,fortify.town,available,8.99,36.49,high,low,7,namesilo,,,20/09/2026 06:18
b0a4cf8b-a3e8-40c4-89ae-decebf4cb99c,academic.town,available,8.99,36.49,high,low,8,namesilo,,,21/09/2026 15:21
5a4a49bf-3c2a-4d9b-b098-07a7d3fd2875,caudate.town,available,6.98,47.48,medium,low,7,namecheap,,,11/08/2026 22:26
cecbead5-44e9-417e-a141-4e577d0831c6,inhale.town,available,8.5,,high,low,6,unstoppable,,,30/09/2026 16:29
43d325a1-6046-4a95-b11a-b5bd282cdf9c,moistness.town,available,9.99,48.99,medium,low,9,name.com,,,13/08/2026 16:47
f3e40000-f325-4133-bd49-38b956516193,alves.town,available,8.5,,medium,low,5,unstoppable,,,30/09/2026 12:39
e4c5f5d5-82ff-4e31-8188-28d71445f192,handrail.town,available,8.99,36.49,high,low,8,namesilo,,,22/09/2026 00:31
96df8dda-d60d-436d-afe6-04aeca391dbb,bioethics.town,available,6.98,47.48,high,low,9,namecheap,,,23/09/2026 17:56
e9c066a8-4364-4657-9de3-f0a71f0a768d,grenadines.town,available,6.41,29.18,high,low,10,spaceship,,,02/10/2026 00:31
c839e374-d5fe-4e35-b1fd-003e54cab4a4,amiss.town,available,6.98,47.48,medium,low,5,namecheap,,,
71a961d7-3b7c-4dc8-8f04-fa934aedf71c,heard.town,available,8.99,36.49,high,low,5,namesilo,,,24/09/2026 23:38
a70d1265-698c-4296-ab35-9497cb7887c1,misunderstood.town,available,8.99,36.49,medium,low,13,namesilo,,,29/09/2026 02:48
d3b0eabd-b691-454b-956a-4589b1e968c2,towels.town,available,6.98,47.48,high,low,6,namecheap,,,18/09/2026 12:23
d02f2e30-84c0-449d-9f82-520f4efec808,goodness.town,available,6.41,29.18,high,low,8,spaceship,,,28/09/2026 02:02
43e28729-8f81-4c10-9d83-c266afd5f91f,stabilization.town,available,8.99,36.49,medium,low,13,namesilo,,,17/09/2026 17:23
ab8953d4-e56a-40bb-9224-2af6624bbe72,park.town,resell,,,high,medium,4,Dynadot Inc,11/07/2019 01:25,11/07/2027 01:25,26/09/2026 08:02
2b03cdcf-1725-4a14-a96d-249f09c30ac5,nassau.town,premium,102.67,102.67,high,low,6,spaceship,,,29/09/2026 07:05
589d4680-fc92-4fb1-9c8b-56f47fe30419,kilogramme.town,available,8.99,36.49,medium,low,10,namesilo,,,30/09/2026 23:59
d689bd9a-5d9f-4ab3-af06-d2b1bd5fd627,enchanting.town,available,6.98,47.48,high,low,10,namecheap,,,09/08/2026 18:21
21389135-6db0-4b8d-91e4-587e9d43838f,parking.town,premium,118.8,118.8,high,low,7,namesilo,,,25/09/2026 23:56
f73313cf-d027-4350-8122-751cd0e8765e,radiance.town,available,6.98,47.48,high,low,8,namecheap,,,20/08/2026 15:09
f42c19dd-a570-439b-924e-ad13ad45453f,almonds.town,available,6.41,29.18,medium,low,7,spaceship,,,02/10/2026 22:38
eee8119c-7e63-4aac-8ad2-be96425ffbf6,hooter.town,available,8.99,36.49,medium,low,6,namesilo,,,21/09/2026 07:22
9038b6a7-5a8d-4d12-be61-5bcbbd415234,finesse.town,available,6.98,47.48,high,low,7,namecheap,,,03/10/2026 00:45
05051600-c478-43d7-b445-94c876a5a41e,vargas.town,available,8.99,36.49,high,low,6,namesilo,,,27/09/2026 04:13
f438063b-f197-4741-9ff3-18f16fc03d9a,barnacle.town,available,8.99,36.49,medium,low,8,namesilo,,,22/09/2026 06:46
6f76ad41-0142-4fe5-a794-e096565fc4f0,calciferol.town,available,9.99,48.99,medium,low,10,name.com,,,13/08/2026 15:07
44128b90-8cfe-4c54-94c0-7f9b02cede87,beachwear.town,available,6.98,47.48,high,low,9,namecheap,,,22/09/2026 19:10
8e6e4614-e8d0-4b14-96ee-b8be492daed0,quartic.town,available,6.98,47.48,high,low,7,namecheap,,,10/08/2026 05:37
43621821-d35e-4292-8747-5e9608d5ae40,stature.town,available,8.5,,high,low,7,unstoppable,,,29/09/2026 08:08
a2d1898a-1276-4786-9b17-fe63ea774c01,leafless.town,available,6.98,47.48,medium,low,8,namecheap,,,22/08/2026 21:56
37f59038-35b4-400f-8e1b-e8aa2c2f5c45,abbe.town,available,8.99,36.49,medium,low,4,namesilo,,,16/09/2026 14:22
9efeff04-d0ea-42de-a9c6-d01c2831fe32,min.town,premium,118.8,118.8,high,low,3,namesilo,,,25/08/2026 00:58
f139cd8d-fc31-4a37-b4a9-be5e2f1f5168,abrasive.town,available,6.98,47.48,high,low,8,namecheap,,,
f0b5c19e-f068-45a1-a6be-5c0b8a358843,png.town,premium,99.5,,high,low,3,unstoppable,,,30/09/2026 11:41
30a97906-8337-4cf5-9b4d-d638fcbbdd82,roman.town,premium,260,260,high,low,5,namecheap,,,27/09/2026 02:43
ebbcc718-11e7-4cb1-9817-8777bcdaef6d,palmerston.town,available,6.41,29.18,medium,low,10,spaceship,,,28/09/2026 16:40
a7253abc-343c-4db2-8af5-78900829e7b4,behavioral.town,available,6.98,47.48,medium,low,10,namecheap,,,09/08/2026 10:16
f74eaa2a-96c6-4dad-8751-4c740d45ebad,rehearsal.town,available,8.99,36.49,high,low,9,namesilo,,,27/09/2026 03:47
8c24d6f4-40e8-48fa-bf87-9168808866eb,translate.town,available,8.99,36.49,high,low,9,namesilo,,,28/09/2026 06:59
b8c69222-1a9f-4a5b-a3e9-779b6e55d832,unspent.town,available,6.98,47.48,medium,low,7,namecheap,,,12/09/2026 09:36
564bf698-a29a-424e-8f4a-957a73b6b015,sealed.town,available,28.2,28.2,high,low,6,cloudflare,,,27/09/2026 18:59
bb261a08-6e6b-4d30-813b-3399fb34efa6,renewable.town,available,6.98,47.48,high,low,9,namecheap,,,09/09/2026 14:03
b13c230e-8002-490e-9c7d-30260d2b6852,malden.town,available,8.5,,high,low,6,unstoppable,,,29/09/2026 15:07
4adf7bbd-2a14-4ddb-9107-ce0690d89f97,blusher.town,available,8.99,36.49,medium,low,7,namesilo,,,18/09/2026 15:49
10e2fd03-3036-44c0-b89b-77b417f8bf76,diocese.town,available,6.98,47.48,high,low,7,namecheap,,,23/09/2026 21:58
04a44573-1704-4b10-870d-2b1c1ca19922,buckshot.town,available,6.98,47.48,high,low,8,namecheap,,,23/09/2026 20:24
6fb9d6df-aeb6-4981-b913-e73e90de8591,griffith.town,available,8.99,36.49,medium,low,8,namesilo,,,25/09/2026 04:33
597df11c-7e17-4cc6-9d33-d5c156922a3b,marchant.town,available,5.57,30.15,medium,low,8,dynadot,,,02/10/2026 07:22
d4d8ee93-e536-40c5-8823-e024bbe0dc7c,baffle.town,available,6.98,47.48,medium,low,6,namecheap,,,09/09/2026 08:20
75afdc54-9e92-4824-b35c-1274263c318b,gratuitous.town,available,6.98,47.48,medium,low,10,namecheap,,,13/08/2026 03:14
35f7bc4b-fa95-4bca-8c5f-61feb4a827d2,slimy.town,available,6.98,47.48,medium,low,5,namecheap,,,14/08/2026 04:03
c1f0a3d1-16ef-4c31-8da1-f28d0512b9a8,casey.town,available,6.98,47.48,high,low,5,namecheap,,,25/09/2026 18:12
81afd0e9-e0b9-4172-a2a8-76cdee129527,promotive.town,available,6.98,47.48,high,low,9,namecheap,,,09/09/2026 03:13
3d6ea756-9fb9-4e66-8cf6-efb843d62168,belem.town,premium,128.7,128.7,medium,low,5,namecheap,,,23/09/2026 04:51
9118efca-1066-431e-aaa6-f35595e28dae,pol.town,premium,102.67,102.67,high,low,3,spaceship,,,30/09/2026 18:22
f73dbae4-decd-4778-9785-76b435ec748e,implied.town,available,8.5,,high,low,7,unstoppable,,,30/09/2026 22:53
1bacaa42-1583-4a57-ae0f-936d8d081e28,tuskegee.town,available,6.41,29.18,medium,low,8,spaceship,,,28/09/2026 15:29
ce2bcf76-6154-4639-8e31-ef1e42ca2823,incisive.town,available,6.98,47.48,medium,low,8,namecheap,,,22/08/2026 01:21
e297b086-0017-4243-a90a-83e2c217c52e,compounds.town,available,6.41,29.18,medium,low,9,spaceship,,,01/10/2026 15:18
d4331e2e-c221-4aae-9866-cc73f413f58b,comet.town,available,8.99,36.49,high,low,5,namesilo,,,29/09/2026 00:28
a5aca7d8-e9f8-4226-b677-4806ce5eec8f,pellet.town,available,8.99,36.49,high,low,6,namesilo,,,02/10/2026 16:23
1df92c88-e338-4f21-ac8d-51467e3e083c,bare.town,available,8.99,36.49,high,low,4,namesilo,,,22/09/2026 11:54
ab48d68f-aed9-41be-9539-be04f01ef53f,willett.town,available,5.57,30.15,medium,low,7,dynadot,,,30/09/2026 21:34
6561df7b-661d-484f-abcc-5e0ade6473ff,biological.town,available,9.99,48.99,high,low,10,name.com,,,22/09/2026 20:55
d88af8a5-bd0b-40e8-8da1-ace6276cc695,psa.town,available,28.2,28.2,high,low,3,cloudflare,,,28/09/2026 06:38
8c193a0f-78f5-478b-bcc3-dbaf075b5f99,pockets.town,available,8.99,36.49,medium,low,7,namesilo,,,27/09/2026 02:53
70c0d1a3-5776-4077-b007-95fa2aabb0b0,doctor.town,premium,118.8,118.8,high,low,6,namesilo,,,29/09/2026 05:29
6aa1de9b-8bef-4f10-9a77-37df2afaed59,suspicious.town,available,6.98,47.48,medium,low,10,namecheap,,,22/08/2026 22:28
3ba9f642-250e-46ac-bfc9-e7ce8f2b5c8e,torment.town,available,6.98,47.48,medium,low,7,namecheap,,,14/08/2026 21:14
8fd6bed5-aeb6-431b-9439-9cb1c61d4cb5,circulation.town,available,8.5,,medium,low,11,unstoppable,,,28/09/2026 08:15
69a6bf19-b596-4b9f-bf86-9f3330782017,rotund.town,available,6.98,47.48,medium,low,6,namecheap,,,13/08/2026 01:59
2fccc80f-21a8-4985-9e34-e972fe0a6a14,magdalene.town,available,5.57,30.15,high,low,9,dynadot,,,03/10/2026 03:23
e149e93b-4de0-4b92-989e-c4981b24cc64,layers.town,available,6.41,29.18,medium,low,6,spaceship,,,29/09/2026 04:54
1a469d2a-da88-4b75-a0e1-74227a166414,rhapsodic.town,available,6.98,47.48,medium,low,9,namecheap,,,14/08/2026 23:52
d4a44869-6d91-4a17-8d84-05b31ef84d4e,tease.town,available,6.98,47.48,high,low,5,namecheap,,,11/09/2026 09:59
b2365a04-b36a-4202-bc44-94694ebf1eb3,delilah.town,available,5.57,30.15,high,low,7,dynadot,,,01/10/2026 19:14
f5b97b0e-4ea1-44c1-9410-ea8b05e942f5,cheery.town,available,6.98,47.48,high,low,6,namecheap,,,12/08/2026 03:56
c9aa1534-19d1-47b7-b702-24ed8d694400,alabaster.town,available,6.98,47.48,high,low,9,namecheap,,,
13a5853b-9836-4129-bbd4-20352969f25c,physic.town,available,8.99,36.49,high,low,6,namesilo,,,02/10/2026 10:47
c0dba208-1df5-4775-b253-4e29dd9113c3,umm.town,available,6.41,29.18,high,low,3,spaceship,,,29/09/2026 21:18
7a6a2fc5-8312-4684-a093-b8f98008bd73,conventional.town,available,8.99,36.49,medium,low,12,namesilo,,,28/09/2026 11:12
2b2329d1-5678-4c7d-b498-11068766ab62,isd.town,available,28.2,28.2,high,low,3,cloudflare,,,30/09/2026 15:03
43419477-f929-4fc1-9793-fc1d7e239b35,fruitfully.town,available,6.98,47.48,medium,low,10,namecheap,,,14/09/2026 20:27
08aa200a-90e9-4a30-8ca4-340f18c27a8b,thorny.town,available,6.98,47.48,medium,low,6,namecheap,,,08/08/2026 17:55
f2824eaf-568c-4b59-b918-e5e266712ffa,result.town,available,28.2,28.2,high,low,6,cloudflare,,,29/09/2026 11:11
fc295b47-64e8-4803-b8e3-f5f0b6b57f3a,monatomic.town,available,6.98,47.48,medium,low,9,namecheap,,,25/08/2026 04:12
3e55f2fb-75e5-4f46-a7dc-b819fc174842,bionics.town,available,8.99,36.49,high,low,7,namesilo,,,23/09/2026 18:40
e7432650-174f-4eb6-9f84-7a8e23ca8e90,recruited.town,available,6.98,47.48,medium,low,9,namecheap,,,18/09/2026 00:53
c2271dde-0e80-4d8f-a8d4-f39c11b86a43,barefooted.town,available,6.98,47.48,medium,low,10,namecheap,,,08/08/2026 18:59
34d92408-d375-4a38-b397-46df6acc5f09,hueless.town,available,6.98,47.48,medium,low,7,namecheap,,,21/08/2026 14:36
c608fc09-273e-4a9c-ae11-5b0c95677809,freaking.town,available,6.41,29.18,medium,low,8,spaceship,,,01/10/2026 05:49
0bde5444-35ee-49aa-a5b6-eda3f9740813,weld.town,available,6.41,29.18,high,low,4,spaceship,,,02/10/2026 04:40
0f511a75-9185-4ec5-960c-1858d47b0c93,approval.town,available,6.98,47.48,high,low,8,namecheap,,,08/09/2026 15:18
e6bbe728-22f1-4af5-9576-4814b64968f5,connolly.town,available,8.99,36.49,high,low,8,namesilo,,,25/09/2026 22:17
ef1f13b6-8bc6-4915-8cc4-8f41af6991ec,freelancer.town,available,6.41,29.18,high,low,10,spaceship,,,02/10/2026 11:10
d13bfa86-27ee-4660-8b4a-48b475d0cc79,rockport.town,premium,102.67,102.67,medium,low,8,spaceship,,,02/10/2026 01:20
f8be86a5-3820-451d-bba0-b2ba1abb01c3,omphalos.town,available,8.99,36.49,medium,low,8,namesilo,,,23/09/2026 06:37
bc65041b-d16b-465d-9c69-9010ca17f278,downs.town,available,8.5,,medium,low,5,unstoppable,,,29/09/2026 09:11
0dfd2e4d-1deb-4a47-8c57-61aa4785beb8,neurosurgery.town,available,8.99,36.49,high,low,12,namesilo,,,02/10/2026 02:09
3c76d6b0-e918-4e0c-8767-1cf10e8705d5,szczecin.town,available,6.41,29.18,medium,low,8,spaceship,,,03/10/2026 05:18
23bffff0-a3b5-4733-a5b5-e05ac4508ba5,bernoulli.town,available,8.99,36.49,medium,low,9,namesilo,,,23/09/2026 09:57
107d7a92-5817-4672-a5ec-2eb2679986f2,hans.town,available,8.5,,high,low,4,unstoppable,,,01/10/2026 11:24
c39f43f7-6bde-4ebc-845e-0b516ff770e2,siamese.town,available,6.98,47.48,high,low,7,namecheap,,,10/09/2026 07:27
231248d5-cbd8-4409-8a5d-7c0f4c56db5f,bluff.town,available,6.98,47.48,high,low,5,namecheap,,,10/08/2026 16:13
bfe6780a-ccc7-4bc3-b327-5c9b5fc3288b,severely.town,available,28.2,28.2,medium,low,8,cloudflare,,,28/09/2026 13:15
85840380-9d8e-4393-8c3e-a215b491d454,karabakh.town,available,8.99,36.49,medium,low,8,namesilo,,,02/10/2026 09:33
a9291dc0-6375-47ee-afbb-89396250a229,flightless.town,available,6.98,47.48,medium,low,10,namecheap,,,18/08/2026 08:09
f9cdc907-dd55-4273-b943-42e846d96269,splendid.town,available,6.98,47.48,high,low,8,namecheap,,,17/08/2026 16:04
c09b1242-8bc0-4000-9f67-6070418c47c6,stonelike.town,available,6.98,47.48,medium,low,9,namecheap,,,08/09/2026 18:26
6eaa120f-405b-4ade-9347-176b8587dca0,wanted.town,available,8.99,36.49,high,low,6,namesilo,,,23/09/2026 14:03
01235846-a367-4ea9-865b-316f15b77aef,lurid.town,available,6.98,47.48,medium,low,5,namecheap,,,24/08/2026 11:42
83f4407c-1025-43af-a910-1484e6c58bfd,missiles.town,available,8.99,36.49,low,low,8,namesilo,,,28/09/2026 00:20
9eda1887-c6d6-4b41-99c7-95743c7ce6d1,crt.town,available,6.41,29.18,high,low,3,spaceship,,,28/09/2026 18:38